{"app":["/app-99d5362bee09eadf6f34.js"],"component---src-templates-home-js":["/component---src-templates-home-js-137f9f8f064b8cd69beb.js"],"component---src-templates-blog-js":["/component---src-templates-blog-js-59882358154db7819f81.js"],"component---src-templates-showcase-js":["/component---src-templates-showcase-js-4116c7864b0ea82cb69d.js"],"component---src-templates-page-js":["/component---src-templates-page-js-eda826f86fdfcd43a63c.js"],"component---src-templates-post-js":["/component---src-templates-post-js-c9b9f20f0584a948a587.js"],"component---src-templates-overview-js":["/component---src-templates-overview-js-d7ba2904d7ec861f9cc5.js"],"component---src-templates-docs-js":["/component---src-templates-docs-js-1897cd8d79059637b982.js"],"pages-manifest":["/pages-manifest-24fe0f15d9442c9e16f8.js"]}