{"errors":[],"warnings":[],"namedChunkGroups":{"app":{"chunks":[12,3],"assets":["webpack-runtime-876f5397a0661ae0fa6e.js","webpack-runtime-876f5397a0661ae0fa6e.js.map","app-99d5362bee09eadf6f34.js","app-99d5362bee09eadf6f34.js.map"],"children":{},"childAssets":{}},"component---src-templates-home-js":{"chunks":[0,1,6],"assets":["0-e59d6e1890e9944b47f0.js","0-e59d6e1890e9944b47f0.js.map","1-6b39a0abf1f2a8ac7766.js","1-6b39a0abf1f2a8ac7766.js.map","component---src-templates-home-js-137f9f8f064b8cd69beb.js","component---src-templates-home-js-137f9f8f064b8cd69beb.js.map"],"children":{},"childAssets":{}},"component---src-templates-blog-js":{"chunks":[0,2,1,4],"assets":["0-e59d6e1890e9944b47f0.js","0-e59d6e1890e9944b47f0.js.map","2-88dd19e938f1b7760886.js","2-88dd19e938f1b7760886.js.map","1-6b39a0abf1f2a8ac7766.js","1-6b39a0abf1f2a8ac7766.js.map","component---src-templates-blog-js-59882358154db7819f81.js","component---src-templates-blog-js-59882358154db7819f81.js.map"],"children":{},"childAssets":{}},"component---src-templates-showcase-js":{"chunks":[0,1,10],"assets":["0-e59d6e1890e9944b47f0.js","0-e59d6e1890e9944b47f0.js.map","1-6b39a0abf1f2a8ac7766.js","1-6b39a0abf1f2a8ac7766.js.map","component---src-templates-showcase-js-4116c7864b0ea82cb69d.js","component---src-templates-showcase-js-4116c7864b0ea82cb69d.js.map"],"children":{},"childAssets":{}},"component---src-templates-page-js":{"chunks":[0,1,8],"assets":["0-e59d6e1890e9944b47f0.js","0-e59d6e1890e9944b47f0.js.map","1-6b39a0abf1f2a8ac7766.js","1-6b39a0abf1f2a8ac7766.js.map","component---src-templates-page-js-eda826f86fdfcd43a63c.js","component---src-templates-page-js-eda826f86fdfcd43a63c.js.map"],"children":{},"childAssets":{}},"component---src-templates-post-js":{"chunks":[0,2,1,9],"assets":["0-e59d6e1890e9944b47f0.js","0-e59d6e1890e9944b47f0.js.map","2-88dd19e938f1b7760886.js","2-88dd19e938f1b7760886.js.map","1-6b39a0abf1f2a8ac7766.js","1-6b39a0abf1f2a8ac7766.js.map","component---src-templates-post-js-c9b9f20f0584a948a587.js","component---src-templates-post-js-c9b9f20f0584a948a587.js.map"],"children":{},"childAssets":{}},"component---src-templates-overview-js":{"chunks":[0,1,7],"assets":["0-e59d6e1890e9944b47f0.js","0-e59d6e1890e9944b47f0.js.map","1-6b39a0abf1f2a8ac7766.js","1-6b39a0abf1f2a8ac7766.js.map","component---src-templates-overview-js-d7ba2904d7ec861f9cc5.js","component---src-templates-overview-js-d7ba2904d7ec861f9cc5.js.map"],"children":{},"childAssets":{}},"component---src-templates-docs-js":{"chunks":[0,1,5],"assets":["0-e59d6e1890e9944b47f0.js","0-e59d6e1890e9944b47f0.js.map","1-6b39a0abf1f2a8ac7766.js","1-6b39a0abf1f2a8ac7766.js.map","component---src-templates-docs-js-1897cd8d79059637b982.js","component---src-templates-docs-js-1897cd8d79059637b982.js.map"],"children":{},"childAssets":{}},"pages-manifest":{"chunks":[11],"assets":["pages-manifest-24fe0f15d9442c9e16f8.js","pages-manifest-24fe0f15d9442c9e16f8.js.map"],"children":{},"childAssets":{}}},"assetsByChunkName":{"app":["webpack-runtime-876f5397a0661ae0fa6e.js","app-99d5362bee09eadf6f34.js"],"component---src-templates-home-js":["0-e59d6e1890e9944b47f0.js","1-6b39a0abf1f2a8ac7766.js","component---src-templates-home-js-137f9f8f064b8cd69beb.js"],"component---src-templates-blog-js":["0-e59d6e1890e9944b47f0.js","2-88dd19e938f1b7760886.js","1-6b39a0abf1f2a8ac7766.js","component---src-templates-blog-js-59882358154db7819f81.js"],"component---src-templates-showcase-js":["0-e59d6e1890e9944b47f0.js","1-6b39a0abf1f2a8ac7766.js","component---src-templates-showcase-js-4116c7864b0ea82cb69d.js"],"component---src-templates-page-js":["0-e59d6e1890e9944b47f0.js","1-6b39a0abf1f2a8ac7766.js","component---src-templates-page-js-eda826f86fdfcd43a63c.js"],"component---src-templates-post-js":["0-e59d6e1890e9944b47f0.js","2-88dd19e938f1b7760886.js","1-6b39a0abf1f2a8ac7766.js","component---src-templates-post-js-c9b9f20f0584a948a587.js"],"component---src-templates-overview-js":["0-e59d6e1890e9944b47f0.js","1-6b39a0abf1f2a8ac7766.js","component---src-templates-overview-js-d7ba2904d7ec861f9cc5.js"],"component---src-templates-docs-js":["0-e59d6e1890e9944b47f0.js","1-6b39a0abf1f2a8ac7766.js","component---src-templates-docs-js-1897cd8d79059637b982.js"],"pages-manifest":["pages-manifest-24fe0f15d9442c9e16f8.js"]}}