{"pageContext":{"isCreatedByStatefulCreatePages":false,"url":"/posts/middle/","relativePath":"posts/middle.md","relativeDir":"posts","base":"middle.md","name":"middle","frontmatter":{"title":" Do we need a user type that can select a campaign budget?","date":"2020-02-14","subtitle":"Market/Sales","template":"post","thumb_img_path":"https://cdn.sanity.io/images/34t7tfex/production/fc005d3b4cac70de6f8275ef7e0d56734366b013-400x300.gif"},"html":"<p>With DIAKRIT's intention of working in the SA platform as a \"middle-man\" on behalf of our customers. Do you see that the 4 current user types fitting this market approach? Do we need a user type that can select a campaign budget, provide and invoice reference and that's it</p>\n<p>In milestone 1, yes</p>","pages":[{"url":"/about/","relativePath":"about.md","relativeDir":"","base":"about.md","name":"about","frontmatter":{"title":"About ","menus":{"layouts":{},"main":{"title":"About","weight":2}},"sections":[{"actions":[{"label":"Headache free automatic end to end ad delivery","url":"https://martechdirect.netlify.com/showcase/"}],"component":"HeroBlock","content":" \n\n> Engage your clients with intuitive easy instant live campaign reports available immediately. \n\n- Ready To Go Reporting: Easily monitor campaign metrics with our pre-built reports, so you can take actions to find your seller faster \n- World Class Real Reporting: Our data specialists have cut through the noise creating a only need to know dash offered by the Facebook Ads API","image":"https://cdn.sanity.io/images/34t7tfex/production/52d8eff56beb3d5b323cb82bb017d95b4fc464c2-800x600.gif","title":"About ","type":"heroblock"},{"actions":[{"label":"VP Dick Karlsonn ","url":"diakrit.com"}],"component":"ContentBlock","content":"“More and more vendors are asking for transparency in the marketing process,” Mr Karlsson says.\n","image":"https://cdn.sanity.io/images/34t7tfex/production/3e10d27e081cbf8680dd9e485434bbf7b1db9f21-504x511.png","title":"We Saw The Problem And Solved It","type":"contentblock"},{"actions":[{"label":"Lets Go ","url":"DiAKRIT.COM"}],"component":"CtaBlock","subtitle":"We're happy to help! Lets start with why its a better value add for  you. ","title":"Not a DIAKRIT customer yet but have some questions?","type":"ctablock"},{"actions":[{"label":"View Demo","url":"diakrit.com"},{"label":"Call me ","url":"contact "}],"component":"ContentBlock","content":" Here's how to get started. To get started, we'll need to get it on your system. This involves a non-intrusive external call that does not exploit your website security or customers data at risk. \n\nAfter we have that in place, sit back, relax, we will do the rest. ","image":"https://cdn.sanity.io/images/34t7tfex/production/3c60396a348bafd2c9e9c5b627fee374fc792ff2-800x600.gif","section_id":"text-img","title":"Of-course We Listen To Your Feedback ","type":"contentblock"},{"component":"CtaBlock","subtitle":" We strive to provide an experience that’s easier and better for consumers and their agents.","title":"Built For The Agent ","type":"ctablock"},{"actions":[{"label":"Find out more","url":"https://diakrit.com"}],"component":"ContentBlock","content":"The only place to reach 30 million loyal, engaged and connected active home buyers on planet earth. ","image":"https://cdn.sanity.io/images/34t7tfex/production/9dd2c59d595ffb70069a0853ed703e0e93724044-400x300.gif","section_id":"text-no-img","title":"Advertise With Us ","type":"contentblock"},{"component":"ContentBlock","content":"> 73% of realtors use Facebook for their work.\n> 68% of home buyers choose the first agent they interview.","title":"Did You Know ","type":"contentblock"}],"template":"home"},"html":""},{"url":"/blog/","relativePath":"blog.md","relativeDir":"","base":"blog.md","name":"blog","frontmatter":{"title":"Blog","img_path":"https://cdn.sanity.io/images/34t7tfex/production/f609af8a2fbf595279e06dd42adfd3afc1dd12f7-2560x1440.jpg","menus":{"main":{"title":"Blog","weight":6}},"subtitle":"This is an optional subtitle for the blog page","template":"blog"},"html":""},{"url":"/accounts/","relativePath":"accounts.md","relativeDir":"","base":"accounts.md","name":"accounts","frontmatter":{"title":"Account Management","img_path":"https://cdn.sanity.io/images/34t7tfex/production/ccef6a255e75dbeb9bf30febacb716dbd9a89118-768x512.png","items":[{"preview_img":"https://cdn.sanity.io/images/34t7tfex/production/67efb4b7d896a1872e54fb0276ab567fdff9afcc-356x200.gif","subtitle":"World Class Campaign Optimised Creative","title":"Support Centre"}],"subtitle":"Ask a Question. Can't find what you are looking for? Ask a more detailed question and we will respond.","template":"showcase"},"html":""},{"url":"/campaign/","relativePath":"campaign.md","relativeDir":"","base":"campaign.md","name":"campaign","frontmatter":{"title":"Campaign","img_path":"https://cdn.sanity.io/images/34t7tfex/production/c026e459918008c5182ce45e83b0462946d1555e-1000x500.jpg","subtitle":"All of our knowledge right at your fingertips! ","template":"blog"},"html":""},{"url":"/contact/","relativePath":"contact.md","relativeDir":"","base":"contact.md","name":"contact","frontmatter":{"title":"Contact","img_path":"https://cdn.sanity.io/images/34t7tfex/production/dbc61770440ace651f8685d2e387258d6ae65d9f-1540x790.png","menus":{"layouts":{},"main":{}},"subtitle":"Emergency Assistance ","template":"page"},"html":"<p>Of-course We Listen To Your Feedback</p>\n<p>Here's how to get started. To get started, we'll need to get it on your system. This involves a non-intrusive external call that does not exploit your website security or customers data at risk.</p>\n<p>After we have that in place, sit back, relax, we will do the rest.</p>\n<div class=\"note\">\n  <strong>Note:</strong> \n  This is the \"Note\" callout block of text. It signifies a general note.\n</div>"},{"url":"/creative/","relativePath":"creative.md","relativeDir":"","base":"creative.md","name":"creative","frontmatter":{"title":"Creative ","img_path":"https://cdn.sanity.io/images/34t7tfex/production/511210c9bb846d987cd1548faa120152fdadd4ee-1000x560.jpg","subtitle":"This is an optional subtitle for the blog page","template":"blog"},"html":""},{"url":"/facts/","relativePath":"facts.md","relativeDir":"","base":"facts.md","name":"facts","frontmatter":{"title":"Facebook Facts ","content_img_path":"https://cdn.sanity.io/images/34t7tfex/production/847bc8e0b27e41df6bf7de91fcc3343a1ac9e8c3-1024x576.png","date":"2020-02-21","subtitle":"Support & Knowledge centre","template":"post","thumb_img_path":"https://cdn.sanity.io/images/34t7tfex/production/e26a73b35cf39c1172616104ba591118863c6f55-800x600.gif"},"html":"<p><strong>1. Facebook – The King of Social Media</strong>\nWhen it comes to social media, Facebook remains the undefeated champion. Based on the statistics, Facebook is the leading social platform, reaching 60.6 percent of internet users (Facebook, 2018).</p>\n<p><img src=\"https://cdn.sanity.io/images/34t7tfex/production/847bc8e0b27e41df6bf7de91fcc3343a1ac9e8c3-1024x576.png\"></p>\n<p>Since its creation, Facebook has ruled the world of social media, and it seems like there’s no stopping the giant. There are many strong competitors like Instagram, Snapchat, Twitter and a number of others that are trying to compete, but Facebook still stands strong among the competition. Facebook has the most active users out of all the social media platforms, and people spend hours a day scrolling through their Facebook feeds. For many people, Facebook isn’t just a social media platform, it’s a way of life.</p>\n<p><strong>2. How Many People Use Facebook?</strong>\nHow Many People Use Facebook?Facebook has 2.45 billion monthly active users (Facebook, 2019). If that number doesn’t blow you away, it also has 1.62 billion users that are visiting the social networking site on a daily basis. This means that users were visiting at least one of Facebook’s core products – which includes Facebook, WhatsApp, Instagram, or Messenger. Facebook first hit the 1 billion monthly active user mark in October 2012, and crossed the 2 billion active user mark almost 5 years later, in June 2017.</p>\n<p>Facebook has reached such a massive audience that it’s become impossible for marketers to ignore. And since a large portion of Facebook users visit the site on a daily basis, it makes them a great potential audience for your digital marketing efforts. Facebook’s mantra has always been about bringing the world closer together, and in the 15 years since its launch, it has not only achieved that, but it has exploded in popularity.</p>\n<p><strong>3. Businesses Use Facebook Pages</strong>\nFacebook has more than 80 million small businesses around the world using Facebook Pages (Facebook, 2018). Your Facebook Page is a place where you can share your business name, address, contact details, and a description about the products or services that your business offers. It gives you the possibility to increase the online presence of your business. The reason why so many people are using Facebook Pages for their business, is because of the benefits linked to having one. Through Facebook, businesses can reach one of the world’s largest communities. By creating a Facebook Page for your business, you can build an audience and connect with people who are interested in what your business has to offer. Your Facebook Business Page also helps to make it easy for people to find out more about your business, or to get in touch with you. It provides a platform where people can connect with your products or services, and strengthen customer relationships. Customers have the possibility to post questions to your Facebook Page, and your team can respond, which saves time and streamlines communication. A Facebook Business Page is a free opportunity for your business to increase brand awareness and promote positive word-of-mouth.</p>\n<p>If you’re looking to get started, here are 19 easy steps to setting up a killer Facebook Business Page.</p>\n<p><strong>4. Young Adults Prefer to Use Facebook</strong></p>\n<p>Contrary to popular belief, Facebook still remains the dominant social media platform for young adults. 65 percent of Facebook users are under the age of 35 (Statista, 2019), which means that they fall under the age demographic of Millennials and Generation Z. This Facebook statistic also shows us that for the most part, young adults prefer to use similar social media platforms to interact with others their age.n.</p>\n<p><strong>6. Facebook Users Choose Mobile Over Desktop</strong></p>\n<p>One of the reasons why Facebook has become such a huge social network worldwide is due to its mobile accessibility. Unrestricted access through multiple mobile apps, as well as its mobile website has given Facebook an edge over competitors that didn’t think of mobile first. 96 percent of active Facebook users accessed the social media platform via mobile devices, which includes tablets or smartphones (DataReportal, 2019). That means that only 4 percent of Facebook active users logged in on desktop devices to use the social media platform.</p>\n<p><strong>7. Average Time Spent on Facebook</strong></p>\n<p>When it comes to time spent on Facebook, users spend an average of 58.5 minutes on the social media platform each day (Recode, 2018). So, as well as being the most popular social media platform, Facebook users are also visiting the site multiple times per day. Whether it’s scrolling down your newsfeed while waiting in line for your groceries, on the train to work, or that last scroll before you go to sleep — no one can disagree that Facebook plays a significant role in our daily lives.</p>\n<p><strong>8. Marketers Love Using Facebook</strong>\nfacebook marketingBeing the biggest social media site out there, Facebook gets its fair share of attention from marketers as well. For instance in the US 86 percent of marketers are using Facebook for advertising (Emarketer, 2018).</p>\n<p><strong>9. Products Discovery via Facebook</strong>\nFacebook is connecting people to brands and products. In fact, 78 percent of American consumers have discovered retail products to buy via Facebook (Kleiner Perkins, 2018). The survey suggests that more than half of the people have used Facebook to actively look for products, with the majority of them discovering new products on Facebook’s News Feed, Pages, and Groups.</p>"},{"url":"/creatives/","relativePath":"creatives.md","relativeDir":"","base":"creatives.md","name":"creatives","frontmatter":{"title":"Creative","img_path":"https://cdn.sanity.io/images/34t7tfex/production/4f4e3b06651ea397e274cf236e65e12b2be9cdbc-1400x788.gif","items":[{"preview_img":"https://cdn.sanity.io/images/34t7tfex/production/f34bae9d13f1892b9710d58d6d658fb68d2cc9ea-300x168.jpg","subtitle":"Creative & Copy","title":"What type of ads does Marketing Direct generate?","url":"posts/login/"},{"preview_img":"https://cdn.sanity.io/images/34t7tfex/production/657246eee997a785a356c6483a18268c86d47290-720x380.png","subtitle":"Creative & Copy","title":"How do I edit my published ad?","url":"/posts/eds"},{"preview_img":"https://cdn.sanity.io/images/34t7tfex/production/3c60396a348bafd2c9e9c5b627fee374fc792ff2-800x600.gif","subtitle":"Creative & Copy","title":"Future Ad Formats ","url":"posts/future/"},{"preview_img":"https://cdn.sanity.io/images/34t7tfex/production/a51e9ca2ce137a45dab040d5b2c11ccd18b067be-1200x628.png","subtitle":"Creative & Copy","title":"Why are the text and images of the ad previews on the Campaign .","url":"/posts/txt/"},{"preview_img":"https://cdn.sanity.io/images/34t7tfex/production/ad1d2f35a11cf2a7cfa5fdf322d4ab13582db5f8-400x300.gif","subtitle":"Creative & Copy","title":"How do I change my template?","url":"/posts/temp"}],"menus":{"main":{"title":"Creative","weight":3}},"subtitle":"Internal Account Management Questions","template":"showcase"},"html":""},{"url":"/","relativePath":"index.md","relativeDir":"","base":"index.md","name":"index","frontmatter":{"title":"Home","menus":{"main":{"title":"Home","weight":1}},"sections":[{"actions":[{"label":"Get Started","url":"https://martechdirect.netlify.com/showcase/"}],"component":"HeroBlock","content":"Help Center\n\nAll of our knowledge right at your fingertips!","image":"https://cdn.sanity.io/images/34t7tfex/production/f609af8a2fbf595279e06dd42adfd3afc1dd12f7-2560x1440.jpg","section_id":"hero","title":"MARKETING.DIRECT    ","type":"heroblock"},{"component":"FeaturesBlock","featureslist":[{"actions":[{"label":"Get Started","url":"https://martechdirect.netlify.com/showcase/"}],"content":"This article describes the customer-facing Account Management feature. And answers the questions the customer will most likely ask. ","title":"Account Management"},{"actions":[{"label":"View Posts","url":"https://martechdirect.netlify.com/creatives/"}],"content":"We aim to provide the highest standards of knowledge, advice in the customers creative process. ","title":"Creative, Editorial, Copy"},{"actions":[{"label":"Learn More","url":"/management/"}],"content":"Campaign management is the planning, execution, tracking, and analysis of a marketing initiative","title":"Manage Your Campaign "}],"section_id":"features","subtitle":"Sections","title":"Automation Done Just Right","type":"featuresblock"},{"actions":[{"label":"Ask Me A Question Direclty ","url":"/chat"}],"component":"ContentBlock","content":"> “We know the Australian market will greatly benefit from this and [is] ready for what the next level of home buying and selling looks like,”\n VP Dick Karlsson ","title":"The Next Level ","type":"contentblock"},{"actions":[{"label":"View Demo","url":"/docs/getting-started/index.html"},{"label":"Get Started","url":"/docs/getting-started/index.html"}],"component":"ContentBlock","content":" Here's how to get started. To get started, we'll need to get it on your system. This involves a non-intrusive external call that does not exploit your website security or customers data at risk. \n\nAfter we have that in place, sit back, relax, we will do the rest. ","image":"https://cdn.sanity.io/images/34t7tfex/production/3c60396a348bafd2c9e9c5b627fee374fc792ff2-800x600.gif","section_id":"text-img","title":"Of-course We Listen To Your Feedback ","type":"contentblock"},{"actions":[{"label":"Support & Knowledge Centre","url":"/knowledge"}],"component":"CtaBlock","subtitle":"The course of support questions to help  you understand customer questions. ","title":"Support & Knowledge centre","type":"ctablock"},{"component":"FeaturesBlock","featureslist":[{"actions":[{"label":"Learn More","url":"/overview.html"}],"content":"Learn more about what you can find in your  Mid Campaiog Report when managing your ads.\n\n","title":"How It Works"},{"actions":[{"label":"Learn More","url":"/showcase.html"}],"content":"When you have ads running with DK MD, you'll find them in your Campaign live dash report ","title":"Showcase"}],"section_id":"features-two-col","subtitle":"Common Question Of Difference ","title":"FAQ ","type":"featuresblock"},{"actions":[{"label":"See More Facts ","url":"https://martechdirect.netlify.com/facts"}],"component":"CtaBlock","section_id":"Ask A Question ","subtitle":" Facebook is the number one ad channel for both B2C and B2B companies.","title":"Did You Know ","type":"ctablock"},{"actions":[{"label":"Need Help, Ask Me? ","url":"/chat"}],"component":"ContentBlock","content":"> “Agents should be able to focus on what they do best — winning appraisals and selling homes — and with DIAKRIT’s Marketing Direct , this will enable them to do just that,” \nAUSNZ Sales Manager Jay Morris ","image":"https://cdn.sanity.io/images/34t7tfex/production/b3247b940a28b7b222ef418cc2f6ad236063bd1a-800x600.gif","title":"Let Us Do The Heavy Lifting","type":"contentblock"},{"actions":[{"label":"Learn more","url":"https://martechdirect.netlify.com/"},{"label":"Call Me","url":"https://martechdirect.netlify.com/"}],"component":"CtaBlock","subtitle":"Real Time Measurement, Mobile, Lightening Fast, World Class Creative,  Editorial Copy.","title":"Go To Market Today ","type":"ctablock"}],"template":"home"},"html":""},{"url":"/knowledge/","relativePath":"knowledge.md","relativeDir":"","base":"knowledge.md","name":"knowledge","frontmatter":{"title":"Support & Knowledge Centre","img_path":"https://cdn.sanity.io/images/34t7tfex/production/bbc75e2832626472d7cab7c084560c2297deee5c-800x600.gif","items":[{"preview_img":"https://cdn.sanity.io/images/34t7tfex/production/934662dc0bf96337009c0746bf976407625bf76a-800x600.gif","subtitle":"Support & Knowledge centre","title":"The link in the publication email does not work","url":"/posts/email-issue/"},{"preview_img":"https://cdn.sanity.io/images/34t7tfex/production/c962f190e1987aad2f0e5694a190f90eccaf3902-800x600.gif","subtitle":"Support & Knowledge centre","title":"Campaign results page does not work?","url":"posts/broken/"},{"preview_img":"https://cdn.sanity.io/images/34t7tfex/production/acc098a51651323f3d27734fcfa154336ec0dfd1-800x600.gif","subtitle":"Support & Knowledge centre","title":"Difference between boosting a Facebook post and a Facebook ad campaign?","url":"posts/boostsdiff/"},{"preview_img":"https://cdn.sanity.io/images/34t7tfex/production/b3247b940a28b7b222ef418cc2f6ad236063bd1a-800x600.gif","subtitle":"Support & Knowledge centre","title":"How many times can I change the companies template?","url":"posts/changes/"},{"preview_img":"https://cdn.sanity.io/images/34t7tfex/production/a5a991ebc52bbba7caeb1f87b92da196ef082350-480x360.gif","subtitle":"Support & Knowledge centre","title":"Facebook has banned my account temporarily for 3 months will my ads run?","url":"posts/suspension/"}],"menus":{"main":{"title":"Knowledge ","weight":4}},"subtitle":"Internal Support & Knowledge Help Area ","template":"showcase"},"html":""},{"url":"/management/","relativePath":"management.md","relativeDir":"","base":"management.md","name":"management","frontmatter":{"title":"Management Campaigns","img_path":"https://cdn.sanity.io/images/34t7tfex/production/7054e4efb626fa2338114f89ee4cd73a897144f7-700x393.gif","items":[{"preview_img":"https://cdn.sanity.io/images/34t7tfex/production/7864a56d7e0b04b8b428bdeb43d782b7c675f86a-800x400.gif","title":"Are other ad budgets available?","url":"post/others/"},{"preview_img":"https://cdn.sanity.io/images/34t7tfex/production/847bc8e0b27e41df6bf7de91fcc3343a1ac9e8c3-1024x576.png","subtitle":"Manage Your Campaign","title":"How many different ad formats does Marketing Direct create?","url":"/posts/format/"},{"preview_img":"https://cdn.sanity.io/images/34t7tfex/production/d029d24da7e34d479d18f739eb43e42e7779f599-800x600.gif","subtitle":"Manage Your Campaign","title":"What is the minimum budget I can use to run a campaign?","url":"posts/share/"},{"preview_img":"https://cdn.sanity.io/images/34t7tfex/production/700515d9ff3f529ac902008a1dd0326838184266-400x300.gif","subtitle":"Manage Your Campaign","title":"How do I share a campaign report with my Vendor?","url":"posts/share-report/"},{"preview_img":"https://cdn.sanity.io/images/34t7tfex/production/583234138fb1b5b5d45b26fa9fbfa870c0970f32-800x600.gif","subtitle":"Manage Your Campaign","title":"Can I advertise a listing more than once?","url":"posts/doubles/"},{"preview_img":"https://cdn.sanity.io/images/34t7tfex/production/e6205e37d7be16a9437dc3cb96c838b2d3f36a6a-960x540.gif","subtitle":"Manage Your Campaign","title":"How do I cancel a campaign? ","url":"posts/cancel/"},{"subtitle":"Manage Your Campaign","title":"If I cancel a campaign, do I get a refund? ","url":"posts/refund/"},{"preview_img":"https://cdn.sanity.io/images/34t7tfex/production/22527077e955496b2efdc25a0644b0d2f30c6ca4-1000x500.gif","subtitle":"Manage Your Campaign","title":"Can our own facebook expert make campaign adjustments?","url":"posts/experts/"},{"preview_img":"https://cdn.sanity.io/images/34t7tfex/production/3a0df29bf10eb8fb3c31184623b32e6fa1846a66-800x600.gif","subtitle":"Manage Your Campaign","title":"How to get notification when someone comments on the ads?","url":"/posts/notification/"},{"preview_img":"https://cdn.sanity.io/images/34t7tfex/production/d5b4ededacce7b8010b15eadd1d80dac72ba9beb-800x600.gif","subtitle":"Manage Your Campaign","title":"Why do some ads publish sooner than others?","url":"posts/sooner/"}],"menus":{"main":{"title":"Campaign Manage","weight":4}},"subtitle":"Manage Your Campaign","template":"showcase"},"html":""},{"url":"/overview/","relativePath":"overview.md","relativeDir":"","base":"overview.md","name":"overview","frontmatter":{"title":"Overview","img_path":"https://cdn.sanity.io/images/34t7tfex/production/f609af8a2fbf595279e06dd42adfd3afc1dd12f7-2560x1440.jpg","menus":{"layouts":{"title":"Overview","weight":1}},"sections":[{"actions":[{"label":"Get Started","url":"/docs/getting-started/index.html"}],"component":"CtaBlock","section_id":"cta","subtitle":"This is an optional description for the call to action block.","title":"The Title of The Call to Action Block","type":"ctablock"},{"actions":[{"label":"link","url":"https://martechdirect.netlify.com/overview/"}],"component":"ContentBlock","content":"Provides drop-in support for TypeScript and TSX.\n\n","image":"https://cdn.sanity.io/images/34t7tfex/production/43a5c91b27f1baa8b6834f40de79e9c767022a4e-800x600.gif","section_id":"kk","title":"Provides drop-in support for TypeScript and TSX.","type":"contentblock"}],"subtitle":"An optional subtitle","template":"overview"},"html":""},{"url":"/showcase/","relativePath":"showcase.md","relativeDir":"","base":"showcase.md","name":"showcase","frontmatter":{"title":"Account Management","img_path":"https://cdn.sanity.io/images/34t7tfex/production/ccef6a255e75dbeb9bf30febacb716dbd9a89118-768x512.png","items":[{"preview_img":"https://cdn.sanity.io/images/34t7tfex/production/804e87ab85fd1a4c599401a2ad7fae4c962ebdbe-564x423.jpg","subtitle":"Account Management","title":"How Do I Login into my account? ","url":"/posts/conf"},{"preview_img":"https://cdn.sanity.io/images/34t7tfex/production/e6205e37d7be16a9437dc3cb96c838b2d3f36a6a-960x540.gif","subtitle":"Account Management","title":"Can i Delegate one staff member to manage all staff listing approval?","url":"/posts/community"},{"preview_img":"https://cdn.sanity.io/images/34t7tfex/production/1ca2a282b64756eef61aa13963653d19198a010f-800x600.gif","subtitle":"Account Management","title":"How do I dispute a bill?","url":"posts/bill"},{"preview_img":"https://cdn.sanity.io/images/34t7tfex/production/ad1d2f35a11cf2a7cfa5fdf322d4ab13582db5f8-400x300.gif","subtitle":"Account Management","title":"What payment methods are available?","url":"/posts/function-of-design"},{"preview_img":"https://cdn.sanity.io/images/34t7tfex/production/8b2d527cf4bc236ff96b3b561b5b6b0b71ba9a6c-800x600.gif","subtitle":"Account Management","title":"What does it Cost","url":"posts/costs/"},{"preview_img":"https://cdn.sanity.io/images/34t7tfex/production/362fab0f2cebb778965ca38ca216fbf687c12643-2700x1800.jpg","subtitle":"Account Management","title":"Access to my Facebook Business Manager Account?","url":"posts/fb/"},{"preview_img":"https://cdn.sanity.io/images/34t7tfex/production/d5b4ededacce7b8010b15eadd1d80dac72ba9beb-800x600.gif","subtitle":"Account Management","title":"Removing Old Staff?","url":"/posts/exit/"},{"preview_img":"https://cdn.sanity.io/images/34t7tfex/production/fe392e36a608ab62622fe0ba9531a4d500786210-600x600.gif","subtitle":"Account Management","title":"Can I access and control my own data?","url":"faCEBOOK.COM"}],"menus":{"layouts":{"title":"Accounts ","weight":2}},"subtitle":"Internal Account Management Questions ","template":"showcase"},"html":""},{"url":"/docs/faq/","relativePath":"docs/faq.md","relativeDir":"docs","base":"faq.md","name":"faq","frontmatter":{"title":"FAQ","excerpt":"In this section you'll find commonly asked questions regarding the Libris theme. If you have questions, don’t hesitate to ask us directly.","template":"docs"},"html":"<p>This is an example of the FAQ page.</p>\n<div class=\"note\">\n  <strong>Note:</strong> \n  This is the demo content for demonstration purpose only. The primary function of this content is to show you what this theme can do. There is a more detailed explanation in the <strong>Getting Started</strong> section.\n</div>\n<hr />\n<h2>Lorem ipsum dolor sit amet, consectetur adipiscing elit?</h2>\n<p>Praesent tristique sem nec lacus laoreet laoreet. Phasellus commodo consectetur viverra. Vestibulum ante ipsum primis in faucibus orci luctus et ultrices posuere cubilia Curae; Praesent mattis rhoncus lacus, vel maximus eros aliquet sit amet. Suspendisse condimentum non elit ac laoreet. Etiam molestie nulla nec ligula ultricies tempor. Nulla facilisi. Cras egestas accumsan nisi. Praesent elementum vehicula turpis sed imperdiet. Curabitur vel justo vitae tellus egestas auctor convallis vel ante. Mauris rhoncus finibus nulla, id rhoncus sapien hendrerit sed. Nullam malesuada mi at erat maximus, in gravida eros aliquet. Proin in enim nec enim tristique lobortis. Nulla finibus consectetur lectus eu porttitor. Vivamus venenatis, mi sit amet laoreet venenatis, augue enim efficitur justo, nec gravida lectus libero vel augue. Integer accumsan nisi lectus, eget imperdiet sem condimentum ut.</p>\n<hr />\n<h2>Pellentesque id elit mollis, pharetra libero in?</h2>\n<p>Suspendisse ligula massa, convallis vel turpis at, laoreet venenatis felis. Sed erat tortor, volutpat venenatis efficitur at, mollis ut arcu. Suspendisse potenti. Nulla facilisi. Suspendisse vestibulum quis mi in ullamcorper. Donec rhoncus vitae velit iaculis lobortis. Aliquam eleifend dignissim orci.</p>\n<hr />\n<h2>Maecenas placerat fermentum libero?</h2>\n<p>Curabitur quam neque, pulvinar at sagittis viverra, suscipit sed libero. Sed quis lorem feugiat, tempus metus et, tincidunt orci. Vestibulum eget justo venenatis, mollis lectus a, dictum ante. Sed nec metus mi. Fusce pretium quam vel varius aliquam. Nunc vulputate dictum ipsum, sit amet blandit dui ullamcorper sed. Pellentesque ornare arcu at consectetur pharetra. Suspendisse pellentesque euismod diam. Vivamus cursus eget tortor non ultricies.</p>\n<hr />\n<h2>Integer massa ante, bibendum sed tellus?</h2>\n<p>Nunc fringilla, est vel mattis malesuada, mauris velit tincidunt est, quis fringilla mauris felis ut sapien. Sed id sapien ex. Vivamus elementum et lectus pharetra accumsan. Curabitur viverra ante vitae velit euismod, in commodo dolor sollicitudin. Vivamus sit amet rhoncus dui, auctor malesuada ante. Phasellus lobortis fringilla magna at placerat. Maecenas nulla magna, condimentum porta tempor eu, tristique vitae nibh. Curabitur imperdiet eros quis justo luctus dapibus. Vestibulum eu ultrices felis, et lobortis urna. Aenean mollis tempus risus, at iaculis nisi rhoncus at. Phasellus eget massa pulvinar, dignissim velit aliquet, sollicitudin erat. Lorem ipsum dolor sit amet, consectetur adipiscing elit.</p>\n<hr />\n<h2>Nulla a interdum turpis, vitae tempus risus?</h2>\n<p>Vestibulum non sem eu dui facilisis maximus sed a diam. Proin et nulla vitae urna malesuada sollicitudin. Fusce vel enim nisi. Pellentesque tincidunt enim nec quam ullamcorper egestas. Aliquam erat volutpat. Cras in neque pulvinar augue suscipit feugiat. Vestibulum semper ipsum eu ligula imperdiet ullamcorper.</p>\n<p>Donec vulputate nibh tellus, quis commodo lectus aliquet vestibulum. Morbi lobortis sem ex, in accumsan elit consectetur at. Ut dolor dui, eleifend a condimentum a, venenatis sit amet nunc. Aenean suscipit, metus sed ornare ultrices, neque felis ultrices mi, vitae gravida turpis dolor ut quam. Vivamus pulvinar eros id neque tincidunt elementum. Praesent at tristique nisl. Duis semper placerat risus, ac congue lectus varius nec.</p>\n<hr />\n<h2>Integer convallis urna consequat luctus commodo?</h2>\n<p>Aenean vitae pulvinar est, et egestas nunc. Sed pharetra mollis felis eleifend pulvinar. Suspendisse feugiat metus ex, ac gravida enim accumsan eu. Curabitur placerat leo ut urna laoreet, quis varius arcu euismod. Maecenas et pretium velit. In egestas libero sed ornare luctus. Ut ac finibus odio.</p>\n<hr />\n<h2>Nam consequat convallis purus, at eleifend tellus scelerisque et?</h2>\n<p>Cras eu erat et ligula dictum feugiat at eget sem. Pellentesque habitant morbi tristique senectus et netus et malesuada fames ac turpis egestas. Praesent et justo interdum, iaculis sapien sit amet, ornare est. Duis aliquam a elit et euismod. Sed convallis vestibulum sem sit amet interdum. Sed nec lobortis justo. Mauris fringilla porta risus, et volutpat diam congue at. Nullam commodo fringilla felis ut molestie. Nam eu elit risus. Nulla ornare posuere odio, nec tincidunt nulla elementum ac. Ut viverra eros fringilla aliquet porta. Nulla venenatis enim non blandit tincidunt.</p>\n<hr />\n<h2>Suspendisse blandit lobortis mi?</h2>\n<p>Cras vel congue augue. Integer sodales massa quis justo consectetur, id varius quam sagittis. Fusce molestie et diam ac faucibus. Morbi ut eleifend nibh. Quisque maximus velit eget leo aliquam mollis. Sed cursus nunc vitae dignissim consectetur. Vivamus eget venenatis leo, et aliquet odio. Nam mollis lectus ante, vel volutpat nulla elementum ac. Cras ut purus leo. Integer lacus ligula, vehicula vitae felis vel, iaculis tincidunt lorem. Etiam vestibulum venenatis neque sit amet semper. Fusce suscipit ante at mi blandit, a semper urna euismod.</p>"},{"url":"/docs/community/","relativePath":"docs/community.md","relativeDir":"docs","base":"community.md","name":"community","frontmatter":{"title":"Where To Get Support","excerpt":"We'd love it if you participate in the Libris community. Find out how to get connected.","template":"docs"},"html":"<div class=\"note\">\n  <strong>Note:</strong> \n  This is the demo content for demonstration purpose only. The primary function of this content is to show you what this theme can do. There is a more detailed explanation in the <strong>Getting Started</strong> section.\n</div>\n<p><strong>Lorem ipsum dolor sit amet, consectetur adipiscing elit.</strong> Donec ut nulla laoreet, finibus purus sit amet, ullamcorper felis. Aliquam sagittis consectetur ullamcorper. Ut dapibus ex a nibh euismod tincidunt. Vestibulum quam velit, placerat vel ipsum eget, vulputate aliquet nibh. Cras hendrerit, justo a sagittis pharetra, ante elit imperdiet quam, eget euismod mauris lacus at eros. Sed et est interdum leo ultricies feugiat non non est. Aenean sit amet sollicitudin tellus, at pellentesque massa. Vestibulum dapibus magna quis dui ultrices vestibulum.</p>\n<h2>Stack Overflow</h2>\n<p>Suspendisse hendrerit maximus metus in placerat. In ligula magna, efficitur sed ultrices non, iaculis ut ligula. Sed finibus efficitur cursus. Proin quis molestie purus. Vestibulum ut magna eget tortor tempor egestas eget eu orci. Integer porta cursus rutrum. Quisque porta suscipit sem, et tincidunt felis malesuada vel. </p>\n<h2>Popular Discussion Forums</h2>\n<p>Donec eget tellus magna. Duis eu metus sem. Donec nec ullamcorper dui. Phasellus turpis mauris, lacinia ac imperdiet eu, dapibus eu metus. Vestibulum porta lectus vel dui eleifend pretium. Nulla facilisi. Nam luctus quam at velit congue tincidunt. Ut tempus justo at urna varius commodo.</p>\n<h2>Twitter</h2>\n<p>Vestibulum maximus volutpat eros a lobortis. Duis cursus neque id sollicitudin vehicula. Morbi varius dapibus est, sed bibendum diam aliquam eu. Morbi maximus consequat sem id vestibulum.</p>\n<p>Nam semper, augue pharetra commodo commodo, magna augue ornare ligula, ut gravida nisi nulla vel velit. Quisque tincidunt posuere ex eget luctus.</p>\n<p><strong>Sed a dui in turpis porttitor hendrerit quis id odio.</strong></p>"},{"url":"/docs/getting-started/","relativePath":"docs/getting-started.md","relativeDir":"docs","base":"getting-started.md","name":"getting-started","frontmatter":{"title":"Getting Started","excerpt":"In this section you'll find basic information about Libris and how to use it.","template":"docs"},"html":"<p>Ut quis consequat risus. Aenean ut porta ligula. Morbi id ante eu nisi suscipit maximus. Fusce ac congue quam. Nulla id elit facilisis, consequat magna vitae, scelerisque elit. Nullam lacinia elit in arcu scelerisque, ac volutpat neque sodales.</p>\n<hr>\n<p>Here are the articles in this section:</p>"},{"url":"/docs/manage-content/","relativePath":"docs/manage-content.md","relativeDir":"docs","base":"manage-content.md","name":"manage-content","frontmatter":{"title":"Manage Content","excerpt":"In this section you'll learn how to add syntax highlighting, examples, callouts and much more.","template":"docs"},"html":"<div class=\"note\">\n  <strong>Note:</strong> This is the demo content for demonstration purpose only. The primary function of this content is to show you what this theme can do. There is a more detailed explanation in the <strong>Getting Started</strong> section.\n</div>\n<h3>Syntax highlighting</h3>\n<p>You can add a language identifier to enable syntax highlighting in your code block. For example, to highlight the <strong>JavaScript</strong> code, specify <code>javascript</code> next to the tick marks before the fenced code block:</p>\n<pre>\n```javascript\nif (condition) {\n  code to run if condition is true\n} else {\n  run some other code instead\n}\n```\n</pre>\n<p>The rendered output looks like this:</p>\n<pre><code class=\"language-javascript\">if (condition) {\n  code to run if condition is true\n} else {\n  run some other code instead\n}\n</code></pre>\n<p>Or to highlight the <strong>CSS</strong> code, specify <code>css</code> next to the tick marks before the fenced code block:</p>\n<pre>\n```css\nbody {\n  background: #fff;\n  color: #666;\n  line-height: 1.66667; }\n\na {\n  color: #d4a259;\n  text-decoration: underline;\n  -webkit-transition: background .3s ease, color .3s ease;\n  transition: background .3s ease, color .3s ease; }\n\na:hover {\n  color: #1d1d1d;\n  text-decoration: none; }\n```\n</pre>\n<p>The rendered output looks like this:</p>\n<pre><code class=\"language-css\">body {\n  background: #fff;\n  color: #666;\n  line-height: 1.66667; }\n\na {\n  color: #d4a259;\n  text-decoration: underline;\n  -webkit-transition: background .3s ease, color .3s ease;\n  transition: background .3s ease, color .3s ease; }\n\na:hover {\n  color: #1d1d1d;\n  text-decoration: none; }\n</code></pre>\n<h2>Callouts</h2>\n<p>There are two types of callouts availabale in this theme, <strong>important</strong> and <strong>note</strong>.</p>\n<div class=\"important\">\n  <strong>Important:</strong> \n  This is an \"Important\" callout block of text. \n  This block indicates a warning or caution.\n  Use it for an important message. \n</div>\n<div class=\"note\">\n  <strong>Note:</strong> \n  This is an \"Note\" callout block of text. \n  This block signifies a general note or tip.\n</div>\n<h2>Tables</h2>\n<p>You can build tables with markdown to help you organize information. To add a table, use three or more hyphens (---) to create each column’s header, and use pipes (|) to separate each column like in the example below.</p>\n<table>\n<thead>\n<tr>\n<th>Title</th>\n<th>Title</th>\n</tr>\n</thead>\n<tbody>\n<tr>\n<td>Text</td>\n<td>Text</td>\n</tr>\n<tr>\n<td>Text</td>\n<td>Text</td>\n</tr>\n</tbody>\n</table>"},{"url":"/docs/tools/","relativePath":"docs/tools.md","relativeDir":"docs","base":"tools.md","name":"tools","frontmatter":{"title":"Tools","excerpt":"See some interesting tools developed by the Libris community to help automate parts of your workflow.","template":"docs"},"html":"<p>Ut quis consequat risus. Aenean ut porta ligula. Morbi id ante eu nisi suscipit maximus. Fusce ac congue quam. Nulla id elit facilisis, consequat magna vitae, scelerisque elit. Nullam lacinia elit in arcu scelerisque, ac volutpat neque sodales.</p>\n<hr>\n<p>Here are the articles in this section:</p>"},{"url":"/docs/ui-components/","relativePath":"docs/ui-components.md","relativeDir":"docs","base":"ui-components.md","name":"ui-components","frontmatter":{"title":"UI Components","excerpt":"To make it easy to write documentation in plain Markdown, most UI components are styled using Markdown elements with few additional CSS classes.","template":"docs"},"html":"<p>Ut quis consequat risus. Aenean ut porta ligula. Morbi id ante eu nisi suscipit maximus. Fusce ac congue quam. Nulla id elit facilisis, consequat magna vitae, scelerisque elit. Nullam lacinia elit in arcu scelerisque, ac volutpat neque sodales.</p>\n<hr>\n<p>Here are the articles in this section:</p>"},{"url":"/posts/ads/","relativePath":"posts/ads.md","relativeDir":"posts","base":"ads.md","name":"ads","frontmatter":{"title":"What Is An Ad?","date":"2020-02-17","menus":{},"subtitle":"hfhfhf","template":"post"},"html":"<p>jkaslkhlksdjfh askjvh  </p>"},{"url":"/posts/bill/","relativePath":"posts/bill.md","relativeDir":"posts","base":"bill.md","name":"bill","frontmatter":{"title":"How do I dispute a bill?","content_img_path":"https://cdn.sanity.io/images/34t7tfex/production/1ca2a282b64756eef61aa13963653d19198a010f-800x600.gif","date":"2020-02-19","subtitle":"Account Management","template":"post","thumb_img_path":"https://cdn.sanity.io/images/34t7tfex/production/1ca2a282b64756eef61aa13963653d19198a010f-800x600.gif"},"html":"<p>How do I dispute a bill?\nFor questions regarding payment you can contact us a cx.digitalmedia@diakrit.com</p>"},{"url":"/posts/campaigncustom/","relativePath":"posts/campaigncustom.md","relativeDir":"posts","base":"campaigncustom.md","name":"campaigncustom","frontmatter":{"title":"Custom Campaigns ","date":"2020-02-14","menus":{"layouts":{}},"subtitle":"Creative","template":"post","thumb_img_path":"https://cdn.sanity.io/images/34t7tfex/production/657246eee997a785a356c6483a18268c86d47290-720x380.png"},"html":"<p>Scenario: I am a real estate agent who is social media savy and have been doing my own ads for some time already. I have no problem spending 20-30 min creating ads directly at Facebook. What benefit besides convenience would I get from using DIAKRIT Ads? How we optimize the spend, how we get the most relevant audience, AI / Machine learning etc.</p>\n<p>We send them separately</p>"},{"url":"/posts/community/","relativePath":"posts/community.md","relativeDir":"posts","base":"community.md","name":"community","frontmatter":{"title":"Can i Delegate one staff member to manage all staff listing approval?","content_img_path":"https://cdn.sanity.io/images/34t7tfex/production/e6205e37d7be16a9437dc3cb96c838b2d3f36a6a-960x540.gif","date":"2019-05-27","template":"post","thumb_img_path":"https://cdn.sanity.io/images/34t7tfex/production/e6205e37d7be16a9437dc3cb96c838b2d3f36a6a-960x540.gif"},"html":"<p>Yes you can have many users.</p>"},{"url":"/posts/conf/","relativePath":"posts/conf.md","relativeDir":"posts","base":"conf.md","name":"conf","frontmatter":{"title":"How do I as a real estate agent login to my account?","content_img_path":"https://cdn.sanity.io/images/34t7tfex/production/804e87ab85fd1a4c599401a2ad7fae4c962ebdbe-564x423.jpg","date":"2019-03-10","excerpt":"A real estate agent has no account to log in to, they automatically receive an email as soon as an ad is Ordered, Live and Performance Report when the ad is over.","subtitle":"Account Management","template":"post","thumb_img_path":"https://cdn.sanity.io/images/34t7tfex/production/804e87ab85fd1a4c599401a2ad7fae4c962ebdbe-564x423.jpg"},"html":"<p>A real estate agent has no account to log in to, they automatically receive an email as soon as an ad is Ordered, Live and Performance Report when the ad is over.</p>"},{"url":"/posts/eds/","relativePath":"posts/eds.md","relativeDir":"posts","base":"eds.md","name":"eds","frontmatter":{"title":"How do I edit my published ad?","content_img_path":"https://cdn.sanity.io/images/34t7tfex/production/5c0c284bc3ace92c2a90746cc5a6f280ea9b6ab7-564x423.jpg","date":"2020-02-17","subtitle":"Creative, Copy","template":"post","thumb_img_path":"https://cdn.sanity.io/images/34t7tfex/production/5c0c284bc3ace92c2a90746cc5a6f280ea9b6ab7-564x423.jpg"},"html":""},{"url":"/posts/function-of-design/","relativePath":"posts/function-of-design.md","relativeDir":"posts","base":"function-of-design.md","name":"function-of-design","frontmatter":{"title":"What payment methods are available and how do I add one?","content_img_path":"https://cdn.sanity.io/images/34t7tfex/production/cd83a7b98a4fbc87eacb81fa0949a3149c0459e8-1280x850.jpg","date":"2018-01-15","subtitle":"Billing ","template":"post"},"html":"<p>What payment methods are available and how do I add one? Billing information.</p>"},{"url":"/posts/invoice/","relativePath":"posts/invoice.md","relativeDir":"posts","base":"invoice.md","name":"invoice","frontmatter":{"title":"Could SpiderAds provide a invoice support file ","date":"2020-02-14","subtitle":"Finance/Operations","template":"post","thumb_img_path":"https://cdn.sanity.io/images/34t7tfex/production/4f47e6ebc86765765a41c5b6311584fbca36fa21-2048x1200.png"},"html":"<p>Could SpiderAds provide an invoice support file = data extract in excel format itemizing each ad DIAKRIT is being invoiced for  - Purpose would be that we reformat it so we can import it directly in our ERP system which handles our invoicing</p>\n<p>Yes. Some customers will have the Property ID in the web - some will not. The invoice reference filed can be hidden and can be nonmandatory per customer</p>"},{"url":"/posts/extend/","relativePath":"posts/extend.md","relativeDir":"posts","base":"extend.md","name":"extend","frontmatter":{"title":"Can I extend a campaign that is about to run out? ","content_img_path":"https://cdn.sanity.io/images/34t7tfex/production/929261759c51bab1252d6e677784e06d61416500-800x600.gif","date":"2020-02-19","subtitle":"Manage Your Campaign","template":"post","thumb_img_path":"https://cdn.sanity.io/images/34t7tfex/production/929261759c51bab1252d6e677784e06d61416500-800x600.gif"},"html":"<p>Can I extend a campaign that is about to run out? </p>"},{"url":"/posts/middle/","relativePath":"posts/middle.md","relativeDir":"posts","base":"middle.md","name":"middle","frontmatter":{"title":" Do we need a user type that can select a campaign budget?","date":"2020-02-14","subtitle":"Market/Sales","template":"post","thumb_img_path":"https://cdn.sanity.io/images/34t7tfex/production/fc005d3b4cac70de6f8275ef7e0d56734366b013-400x300.gif"},"html":"<p>With DIAKRIT's intention of working in the SA platform as a \"middle-man\" on behalf of our customers. Do you see that the 4 current user types fitting this market approach? Do we need a user type that can select a campaign budget, provide and invoice reference and that's it</p>\n<p>In milestone 1, yes</p>"},{"url":"/posts/sample/","relativePath":"posts/sample.md","relativeDir":"posts","base":"sample.md","name":"sample","frontmatter":{"title":"Can we get a sample invoice from SpiderAds?","date":"2020-02-14","subtitle":" (How the invoice to DIAKRIT will look like and what data it contains) ","template":"post"},"html":"<p>Yes, we send you separately </p>"},{"url":"/posts/scrape/","relativePath":"posts/scrape.md","relativeDir":"posts","base":"scrape.md","name":"scrape","frontmatter":{"title":"Can Marketing Direct import my listings automatically?","content_img_path":"https://cdn.sanity.io/images/34t7tfex/production/1319ebd2cd86afdbb95845f36bc9cfabd7820e1b-563x317.jpg","date":"2020-02-19","subtitle":"Products & Services","template":"post","thumb_img_path":"https://cdn.sanity.io/images/34t7tfex/production/1319ebd2cd86afdbb95845f36bc9cfabd7820e1b-563x317.jpg"},"html":"<p>Marketing Direct requires minimal admin and effort from the customer. All content and copy is automatically retrieved from the customer's website and Diakrit's Social Media Coordinator will do the editorial before the ad is submitted to Facebook for review. </p>"},{"url":"/posts/temp/","relativePath":"posts/temp.md","relativeDir":"posts","base":"temp.md","name":"temp","frontmatter":{"title":"How do I change my template?","content_img_path":"https://cdn.sanity.io/images/34t7tfex/production/0cd52b51307693b7341ba1c8322401a169cf2e06-1200x500.jpg","date":"2020-02-19","menus":{},"subtitle":"Creative & Copy","template":"post","thumb_img_path":"https://cdn.sanity.io/images/34t7tfex/production/0cd52b51307693b7341ba1c8322401a169cf2e06-1200x500.jpg"},"html":"<p>Marketing Direct takes on the task of staying up to date with Facebook's algorithems which prioritises ads on the network. To ensure your ad not only gets the greatest reach, but also reaches the right people our expert Social Media Coordinators will modify copy and image selection to adapt it to Social Media advertising. Copy and image selection is a key part in a successfull campaign and  Marketing Direct stays up to date with the technical requirments as well as trends and styles so you don't have to. </p>"},{"url":"/docs/about/features/","relativePath":"docs/about/features.md","relativeDir":"docs/about","base":"features.md","name":"features","frontmatter":{"title":"Features","template":"docs","weight":-1},"html":"<div class=\"note\">\n  <strong>Note:</strong> This is the demo content for demonstration purpose only. The primary function of this content is to show you what this theme can do. There is a more detailed explanation in the <strong>Getting Started</strong> section.\n</div>\n<h3>Syntax highlighting</h3>\n<p>You can add a language identifier to enable syntax highlighting in your code block. For example, to highlight the <strong>JavaScript</strong> code, specify <code>javascript</code> next to the tick marks before the fenced code block:</p>\n<pre>\n```javascript\nif (condition) {\n  code to run if condition is true\n} else {\n  run some other code instead\n}\n```\n</pre>\n<p>The rendered output looks like this:</p>\n<pre><code class=\"language-javascript\">if (condition) {\n  code to run if condition is true\n} else {\n  run some other code instead\n}\n</code></pre>\n<p>Or to highlight the <strong>CSS</strong> code, specify <code>css</code> next to the tick marks before the fenced code block:</p>\n<pre>\n```css\nbody {\n  background: #fff;\n  color: #666;\n  line-height: 1.66667; }\n\na {\n  color: #d4a259;\n  text-decoration: underline;\n  -webkit-transition: background .3s ease, color .3s ease;\n  transition: background .3s ease, color .3s ease; }\n\na:hover {\n  color: #1d1d1d;\n  text-decoration: none; }\n```\n</pre>\n<p>The rendered output looks like this:</p>\n<pre><code class=\"language-css\">body {\n  background: #fff;\n  color: #666;\n  line-height: 1.66667; }\n\na {\n  color: #d4a259;\n  text-decoration: underline;\n  -webkit-transition: background .3s ease, color .3s ease;\n  transition: background .3s ease, color .3s ease; }\n\na:hover {\n  color: #1d1d1d;\n  text-decoration: none; }\n</code></pre>\n<h2>Callouts</h2>\n<p>There are two types of callouts availabale in this theme, <strong>important</strong> and <strong>note</strong>.</p>\n<div class=\"important\">\n  <strong>Important:</strong> \n  This is an \"Important\" callout block of text. \n  This block indicates a warning or caution.\n  Use it for an important message. \n</div>\n<div class=\"note\">\n  <strong>Note:</strong> \n  This is an \"Note\" callout block of text. \n  This block signifies a general note or tip.\n</div>\n<h2>Tables</h2>\n<p>You can build tables with markdown to help you organize information. To add a table, use three or more hyphens (---) to create each column’s header, and use pipes (|) to separate each column like in the example below.</p>\n<table>\n<thead>\n<tr>\n<th>Name</th>\n<th>Required</th>\n<th>Type</th>\n<th>Description</th>\n</tr>\n</thead>\n<tbody>\n<tr>\n<td>type</td>\n<td>Required</td>\n<td><code>enum</code></td>\n<td>The type of the model. Must be one of - <code>page</code>, <code>config</code>, <code>data</code>, <code>object</code></td>\n</tr>\n<tr>\n<td>label</td>\n<td>Required</td>\n<td><code>string</code></td>\n<td>The label of the model</td>\n</tr>\n<tr>\n<td>description</td>\n<td></td>\n<td><code>string</code></td>\n<td>Description of the model. Used by some CMS.</td>\n</tr>\n<tr>\n<td>fields</td>\n<td></td>\n<td><code>list</code> of <code>objects</code></td>\n<td>List of Field Models</td>\n</tr>\n</tbody>\n</table>\n<h2>Start using Libris theme</h2>\n<p>We’ve packed this theme with powerful features to help you have awesome documentation for your current or next project.</p>\n<p><strong>Why not start using this theme today?</strong></p>\n<p><a href=\"https://www.stackbit.com/\" class=\"button\">Join Stackbit</a></p>"},{"url":"/docs/about/overview/","relativePath":"docs/about/overview.md","relativeDir":"docs/about","base":"overview.md","name":"overview","frontmatter":{"title":"Overview","template":"docs","weight":1},"html":"<div class=\"note\">\n  <strong>Note:</strong> \n  This is the demo content for demonstration purpose only. The primary function of this content is to show you what this theme can do. There is a more detailed explanation in the <strong>Getting Started</strong> section.\n</div>\n<h2>Callouts</h2>\n<hr>\n<p>There are two types of callouts availabale in this theme, <strong>note</strong> and <strong>important</strong>. To add a callout to your documentation simply add the following <code>html</code> code with class <code>important</code> or <code>note</code>. Like in the example bellow. </p>\n<h3>HTML example</h3>\n<p>Copy the code and modify these blocks according to your needs.</p>\n<pre><code class=\"language-html\">&#x3C;div class=\"important\">\n  &#x3C;strong>Important:&#x3C;/strong> \n  This is an \"Important\" callout block of text.\n  This block indicates a warning or caution. \n  Use it for an important message. \n&#x3C;/div>\n</code></pre>\n<pre><code class=\"language-html\">&#x3C;div class=\"note\">\n  &#x3C;strong>Note:&#x3C;/strong> \n  This is a \"Note\" callout block of text. \n  This block signifies a general note.\n&#x3C;/div>\n</code></pre>\n<h3>Live example</h3>\n<div class=\"important\">\n  <strong>Important:</strong> \n  This is an \"Important\" callout block of text. \n  This block indicates a warning or caution.\n  Use it for an important message. \n</div>\n<div class=\"note\">\n  <strong>Note:</strong> \n  This is an \"Note\" callout block of text. \n  This block signifies a general note.\n</div>\n<h2>Code blocks</h2>\n<hr>\n<div class=\"note\">\n  <strong>Note:</strong>\n  Code blocks have copy functionality. To copy the code press the grey button located in the right side top corner.\n</div>\n<p>You can create simple code blocks by placing triple backticks <code>`<code></code></code> before and after the code block. To render a code block more readable, we recommend placing a blank line before and after code blocks.</p>\n<pre>```\nif (condition) {\n  code to run if condition is true\n} else {\n  run some other code instead\n}\n```\n</pre>\n<pre><code>if (condition) {\n  code to run if condition is true\n} else {\n  run some other code instead\n}\n</code></pre>\n<h3>Syntax highlighting</h3>\n<p>You can add a language identifier to enable syntax highlighting in your code block. For example, to syntax highlight <strong>JavaScript</strong> code, specify <code>javascript</code> next to the tick marks before the fenced code block:</p>\n<pre>\n```javascript\nif (condition) {\n  code to run if condition is true\n} else {\n  run some other code instead\n}\n```\n</pre>\n<p>The rendered output looks like this:</p>\n<pre><code class=\"language-javascript\">if (condition) {\n  code to run if condition is true\n} else {\n  run some other code instead\n}\n</code></pre>\n<h2>Tables</h2>\n<hr>\n<p>You can build tables with markdown to help you organize information. To add a table, use three or more hyphens (---) to create each column’s header, and use pipes (|) to separate each column like in the example below.</p>\n<pre>\n| Title | Title |\n| ------| ----- |\n| Text  | Text  |\n| Text  | Text  |\n</pre>\n<table>\n<thead>\n<tr>\n<th>Title</th>\n<th>Title</th>\n</tr>\n</thead>\n<tbody>\n<tr>\n<td>Text</td>\n<td>Text</td>\n</tr>\n<tr>\n<td>Text</td>\n<td>Text</td>\n</tr>\n</tbody>\n</table>\n<div class=\"note\">\n  <strong>Note:</strong> \n  Creating tables with hyphens and pipes can be time-consuming. To speed up the process, try using the <a href=\"http://www.tablesgenerator.com/markdown_tables\" >Markdown Tables Generator</a>.\n</div>\n<h2>Start using Libris theme</h2>\n<hr>\n<p>We’ve packed this theme with powerful features to help you have awesome documentation for your current or next project.</p>\n<p><strong>Why not start using this theme today?</strong></p>\n<p><a href=\"https://www.stackbit.com/\" class=\"button\">Join Stackbit</a></p>"},{"url":"/docs/tools/plug-ins/","relativePath":"docs/tools/plug-ins.md","relativeDir":"docs/tools","base":"plug-ins.md","name":"plug-ins","frontmatter":{"title":"Plug-ins","template":"docs","weight":2},"html":"<div class=\"note\">\n  <strong>Note:</strong> This is the demo content for demonstration purpose only. The primary function of this content is to show you what this theme can do. There is a more detailed explanation in the <strong>Getting Started</strong> section.\n</div>\n<h3>Syntax highlighting</h3>\n<p>You can add a language identifier to enable syntax highlighting in your code block. For example, to highlight the <strong>JavaScript</strong> code, specify <code>javascript</code> next to the tick marks before the fenced code block:</p>\n<pre>\n```javascript\nif (condition) {\n  code to run if condition is true\n} else {\n  run some other code instead\n}\n```\n</pre>\n<p>The rendered output looks like this:</p>\n<pre><code class=\"language-javascript\">if (condition) {\n  code to run if condition is true\n} else {\n  run some other code instead\n}\n</code></pre>\n<p>Or to highlight the <strong>CSS</strong> code, specify <code>css</code> next to the tick marks before the fenced code block:</p>\n<pre>\n```css\nbody {\n  background: #fff;\n  color: #666;\n  line-height: 1.66667; }\n\na {\n  color: #d4a259;\n  text-decoration: underline;\n  -webkit-transition: background .3s ease, color .3s ease;\n  transition: background .3s ease, color .3s ease; }\n\na:hover {\n  color: #1d1d1d;\n  text-decoration: none; }\n```\n</pre>\n<p>The rendered output looks like this:</p>\n<pre><code class=\"language-css\">body {\n  background: #fff;\n  color: #666;\n  line-height: 1.66667; }\n\na {\n  color: #d4a259;\n  text-decoration: underline;\n  -webkit-transition: background .3s ease, color .3s ease;\n  transition: background .3s ease, color .3s ease; }\n\na:hover {\n  color: #1d1d1d;\n  text-decoration: none; }\n</code></pre>\n<h2>Tables</h2>\n<p>You can build tables with markdown to help you organize information. To add a table, use three or more hyphens (---) to create each column’s header, and use pipes (|) to separate each column like in the example below.</p>\n<pre>\n| Title | Title |\n| ------| ----- |\n| Text  | Text  |\n| Text  | Text  |\n</pre>\n<table>\n<thead>\n<tr>\n<th>Title</th>\n<th>Title</th>\n</tr>\n</thead>\n<tbody>\n<tr>\n<td>Text</td>\n<td>Text</td>\n</tr>\n<tr>\n<td>Text</td>\n<td>Text</td>\n</tr>\n</tbody>\n</table>"},{"url":"/docs/tools/starter-theme/","relativePath":"docs/tools/starter-theme.md","relativeDir":"docs/tools","base":"starter-theme.md","name":"starter-theme","frontmatter":{"title":"Starter Theme","template":"docs","weight":1},"html":"<div class=\"note\">\n  <strong>Note:</strong> This is the demo content for demonstration purpose only. The primary function of this content is to show you what this theme can do. There is a more detailed explanation in the <strong>Getting Started</strong> section.\n</div>\n<p>Lorem ipsum dolor sit amet, consectetur adipiscing elit, sed do eiusmod tempor incididunt ut labore et dolore magna aliqua. Eget nullam non nisi est. Enim diam vulputate ut pharetra sit amet. Malesuada fames ac turpis egestas integer eget aliquet nibh praesent. Phasellus egestas tellus rutrum tellus pellentesque eu tincidunt tortor. Id leo in vitae turpis massa sed elementum. Sed elementum tempus egestas sed sed risus pretium quam. Euismod elementum nisi quis eleifend quam adipiscing vitae proin sagittis.</p>\n<h2>Node</h2>\n<p>This command installs a package, and any packages that it depends on. If the package has a package-lock or shrinkwrap file, the installation of dependencies will be driven by that, with an npm-shrinkwrap.json taking precedence if both files exist. See package-lock.json and npm-shrinkwrap.</p>\n<p>Tellus integer feugiat scelerisque varius morbi enim. Mattis ullamcorper velit sed ullamcorper. Risus nullam eget felis eget nunc lobortis mattis. Elementum facilisis leo vel fringilla. Sit amet venenatis urna cursus eget nunc scelerisque viverra mauris. Adipiscing elit ut aliquam purus sit amet luctus venenatis. Diam ut venenatis tellus in metus vulputate eu scelerisque felis. Dignissim convallis aenean et tortor at risus. Nulla porttitor massa id neque aliquam vestibulum morbi blandit cursus. Aliquam sem et tortor consequat id porta nibh venenatis. Vestibulum morbi blandit cursus risus at ultrices mi tempus imperdiet. Cras sed felis eget velit aliquet sagittis. Adipiscing diam donec adipiscing tristique risus nec feugiat in fermentum.</p>\n<p>Non diam phasellus vestibulum lorem sed risus ultricies. Rhoncus est pellentesque elit ullamcorper. Morbi tincidunt augue interdum velit euismod in pellentesque massa placerat. Pellentesque dignissim enim sit amet venenatis. Nisi scelerisque eu ultrices vitae auctor. Metus aliquam eleifend mi in nulla. Accumsan sit amet nulla facilisi morbi tempus iaculis. Sit amet mattis vulputate enim nulla aliquet. Tempor orci dapibus ultrices in iaculis nunc sed augue lacus. Nunc mi ipsum faucibus vitae aliquet nec ullamcorper. Sit amet risus nullam eget felis eget nunc lobortis.</p>\n<h2>NPM</h2>\n<p>Tellus integer feugiat scelerisque varius morbi enim. Mattis ullamcorper velit sed ullamcorper. Risus nullam eget felis eget nunc lobortis mattis. Elementum facilisis leo vel fringilla. Sit amet venenatis urna cursus eget nunc scelerisque viverra mauris. Adipiscing elit ut aliquam purus sit amet luctus venenatis. Diam ut venenatis tellus in metus vulputate eu scelerisque felis. Dignissim convallis aenean et tortor at risus. Nulla porttitor massa id neque aliquam vestibulum morbi blandit cursus. Aliquam sem et tortor consequat id porta nibh venenatis. Vestibulum morbi blandit cursus risus at ultrices mi tempus imperdiet. Cras sed felis eget velit aliquet sagittis. Adipiscing diam donec adipiscing tristique risus nec feugiat in fermentum.</p>"},{"url":"/docs/getting-started/installation/","relativePath":"docs/getting-started/installation.md","relativeDir":"docs/getting-started","base":"installation.md","name":"installation","frontmatter":{"title":"Installation","template":"docs"},"html":"<div class=\"note\">\n  <strong>Note:</strong> \n  This is the demo content for demonstration purpose only. The primary function of this content is to show you what this theme can do. There is a more detailed explanation in the <strong>Getting Started</strong> section.\n</div>\n<h2>Callouts</h2>\n<hr>\n<p>There are two types of callouts availabale in this theme, <strong>note</strong> and <strong>important</strong>. To add a callout to your documentation simply add the following <code>html</code> code with class <code>important</code> or <code>note</code>. Like in the example bellow. </p>\n<h3>HTML example</h3>\n<p>Copy the code and modify these blocks according to your needs.</p>\n<pre><code class=\"language-html\">&#x3C;div class=\"important\">\n  &#x3C;strong>Important:&#x3C;/strong> \n  This is an \"Important\" callout block of text.\n  This block indicates a warning or caution. \n  Use it for an important message. \n&#x3C;/div>\n</code></pre>\n<pre><code class=\"language-html\">&#x3C;div class=\"note\">\n  &#x3C;strong>Note:&#x3C;/strong> \n  This is a \"Note\" callout block of text. \n  This block signifies a general note.\n&#x3C;/div>\n</code></pre>\n<h3>Live example</h3>\n<div class=\"important\">\n  <strong>Important:</strong> \n  This is an \"Important\" callout block of text. \n  This block indicates a warning or caution.\n  Use it for an important message. \n</div>\n<div class=\"note\">\n  <strong>Note:</strong> \n  This is an \"Note\" callout block of text. \n  This block signifies a general note.\n</div>\n<h2>Code blocks</h2>\n<hr>\n<div class=\"note\">\n  <strong>Note:</strong>\n  Code blocks have copy functionality. To copy the code press the grey button located in the right side top corner.\n</div>\n<p>You can create simple code blocks by placing triple backticks <code>`<code></code></code> before and after the code block. To render a code block more readable, we recommend placing a blank line before and after code blocks.</p>\n<pre>```\nif (condition) {\n  code to run if condition is true\n} else {\n  run some other code instead\n}\n```\n</pre>\n<pre><code>if (condition) {\n  code to run if condition is true\n} else {\n  run some other code instead\n}\n</code></pre>\n<h3>Syntax highlighting</h3>\n<p>You can add a language identifier to enable syntax highlighting in your code block. For example, to syntax highlight <strong>JavaScript</strong> code, specify <code>javascript</code> next to the tick marks before the fenced code block:</p>\n<pre>\n```javascript\nif (condition) {\n  code to run if condition is true\n} else {\n  run some other code instead\n}\n```\n</pre>\n<p>The rendered output looks like this:</p>\n<pre><code class=\"language-javascript\">if (condition) {\n  code to run if condition is true\n} else {\n  run some other code instead\n}\n</code></pre>\n<h2>Tables</h2>\n<hr>\n<p>You can build tables with markdown to help you organize information. To add a table, use three or more hyphens (---) to create each column’s header, and use pipes (|) to separate each column like in the example below.</p>\n<pre>\n| Title | Title |\n| ------| ----- |\n| Text  | Text  |\n| Text  | Text  |\n</pre>\n<table>\n<thead>\n<tr>\n<th>Title</th>\n<th>Title</th>\n</tr>\n</thead>\n<tbody>\n<tr>\n<td>Text</td>\n<td>Text</td>\n</tr>\n<tr>\n<td>Text</td>\n<td>Text</td>\n</tr>\n</tbody>\n</table>\n<div class=\"note\">\n  <strong>Note:</strong> \n  Creating tables with hyphens and pipes can be time-consuming. To speed up the process, try using the <a href=\"http://www.tablesgenerator.com/markdown_tables\" >Markdown Tables Generator</a>.\n</div>\n<h2>Start using Libris theme</h2>\n<hr>\n<p>We’ve packed this theme with powerful features to help you have awesome documentation for your current or next project.</p>\n<p><strong>Why not start using this theme today?</strong></p>\n<p><a href=\"https://www.stackbit.com/\" class=\"button\">Join Stackbit</a></p>"},{"url":"/docs/getting-started/quick-start/","relativePath":"docs/getting-started/quick-start.md","relativeDir":"docs/getting-started","base":"quick-start.md","name":"quick-start","frontmatter":{"title":"Quick Start","template":"docs","weight":2},"html":"<div class=\"note\">\n  <strong>Note:</strong> \n  This is the demo content for demonstration purpose only. The primary function of this content is to show you what this theme can do. There is a more detailed explanation in the <strong>Getting Started</strong> section.\n</div>\n<h2>Callouts</h2>\n<hr>\n<p>There are two types of callouts availabale in this theme, <strong>note</strong> and <strong>important</strong>. To add a callout to your documentation simply add the following <code>html</code> code with class <code>important</code> or <code>note</code>. Like in the example bellow. </p>\n<h3>HTML example</h3>\n<p>Copy the code and modify these blocks according to your needs.</p>\n<pre><code class=\"language-html\">&#x3C;div class=\"important\">\n  &#x3C;strong>Important:&#x3C;/strong> \n  This is an \"Important\" callout block of text.\n  This block indicates a warning or caution. \n  Use it for an important message. \n&#x3C;/div>\n</code></pre>\n<pre><code class=\"language-html\">&#x3C;div class=\"note\">\n  &#x3C;strong>Note:&#x3C;/strong> \n  This is a \"Note\" callout block of text. \n  This block signifies a general note.\n&#x3C;/div>\n</code></pre>\n<h3>Live example</h3>\n<div class=\"important\">\n  <strong>Important:</strong> \n  This is an \"Important\" callout block of text. \n  This block indicates a warning or caution.\n  Use it for an important message. \n</div>\n<div class=\"note\">\n  <strong>Note:</strong> \n  This is an \"Note\" callout block of text. \n  This block signifies a general note.\n</div>\n<h2>Code blocks</h2>\n<hr>\n<div class=\"note\">\n  <strong>Note:</strong>\n  Code blocks have copy functionality. To copy the code press the grey button located in the right side top corner.\n</div>\n<p>You can create simple code blocks by placing triple backticks <code>`<code></code></code> before and after the code block. To render a code block more readable, we recommend placing a blank line before and after code blocks.</p>\n<pre>```\nif (condition) {\n  code to run if condition is true\n} else {\n  run some other code instead\n}\n```\n</pre>\n<pre><code>if (condition) {\n  code to run if condition is true\n} else {\n  run some other code instead\n}\n</code></pre>\n<h3>Syntax highlighting</h3>\n<p>You can add a language identifier to enable syntax highlighting in your code block. For example, to syntax highlight <strong>JavaScript</strong> code, specify <code>javascript</code> next to the tick marks before the fenced code block:</p>\n<pre>\n```javascript\nif (condition) {\n  code to run if condition is true\n} else {\n  run some other code instead\n}\n```\n</pre>\n<p>The rendered output looks like this:</p>\n<pre><code class=\"language-javascript\">if (condition) {\n  code to run if condition is true\n} else {\n  run some other code instead\n}\n</code></pre>\n<h2>Tables</h2>\n<hr>\n<p>You can build tables with markdown to help you organize information. To add a table, use three or more hyphens (---) to create each column’s header, and use pipes (|) to separate each column like in the example below.</p>\n<pre>\n| Title | Title |\n| ------| ----- |\n| Text  | Text  |\n| Text  | Text  |\n</pre>\n<table>\n<thead>\n<tr>\n<th>Title</th>\n<th>Title</th>\n</tr>\n</thead>\n<tbody>\n<tr>\n<td>Text</td>\n<td>Text</td>\n</tr>\n<tr>\n<td>Text</td>\n<td>Text</td>\n</tr>\n</tbody>\n</table>\n<div class=\"note\">\n  <strong>Note:</strong> \n  Creating tables with hyphens and pipes can be time-consuming. To speed up the process, try using the <a href=\"http://www.tablesgenerator.com/markdown_tables\" >Markdown Tables Generator</a>.\n</div>\n<h2>Start using Libris theme</h2>\n<hr>\n<p>We’ve packed this theme with powerful features to help you have awesome documentation for your current or next project.</p>\n<p><strong>Why not start using this theme today?</strong></p>\n<p><a href=\"https://www.stackbit.com/\" class=\"button\">Join Stackbit</a></p>"},{"url":"/docs/ui-components/typography/","relativePath":"docs/ui-components/typography.md","relativeDir":"docs/ui-components","base":"typography.md","name":"typography","frontmatter":{"title":"Typography","template":"docs","weight":1},"html":"<div class=\"note\">\n  <strong>Note:</strong> \n  This is the demo content for demonstration purpose only. The primary function of this content is to show you what this theme can do. There is a more detailed explanation in the <strong>Getting Started</strong> section.\n</div>\n<p><strong>This is a paragraph</strong>. Pellentesque habitant morbi <em>tristique senectus et netus et malesuada</em> fames ac turpis egestas. Vestibulum <a href=\"https://www.stackbit.com/\">this is link</a>, feugiat vitae, ultricies eget, tempor sit amet, ante. Donec eu libero sit amet quam egestas semper. Aenean ultricies mi vitae est. Mauris placerat eleifend leo. Quisque sit <mark>amet est et sapien ullamcorper</mark> pharetra. Vestibulum erat wisi, condimentum sed, commodo vitae, ornare sit amet, wisi.</p>\n<h2>This is an H2</h2>\n<p>Lorem ipsum dolor sit amet, consectetuer adipiscing elit. Morbi commodo, ipsum sed pharetra gravida, orci magna rhoncus neque, id pulvinar odio lorem non turpis. Nullam sit amet enim. Suspendisse id velit vitae ligula volutpat condimentum. Aliquam erat volutpat. Sed quis velit. Nulla facilisi. Nulla libero.</p>\n<h3>This is an H3</h3>\n<p>Lorem ipsum dolor sit amet, consectetuer adipiscing elit. Morbi commodo, ipsum sed pharetra gravida, orci magna rhoncus neque, id pulvinar odio lorem non turpis. Nullam sit amet enim. Suspendisse id velit vitae ligula volutpat condimentum. Aliquam erat volutpat. Sed quis velit. Nulla facilisi. Nulla libero.</p>\n<h4>This is an H4</h4>\n<p>Quisque facilisis erat a dui. Nam malesuada ornare dolor. Cras gravida, diam sit amet rhoncus ornare, erat elit consectetuer erat, id egestas pede nibh eget odio. Proin tincidunt, velit vel porta elementum, magna diam molestie sapien, non aliquet massa pede eu diam. Aliquam iaculis.</p>\n<h2>Quoting</h2>\n<blockquote>\n<p>“How well we communicate is determined not by how well we say things, but how well we are understood.” ― Andrew Grove</p>\n</blockquote>\n<blockquote>\n<p>“Always code as if the guy who ends up maintaining your code will be a violent psychopath who knows where you live” ― John Woods</p>\n</blockquote>\n<hr />\n<h2>Unordered Lists</h2>\n<ul>\n<li>Donec non tortor in arcu mollis feugiat</li>\n<li>Lorem ipsum dolor sit amet, consectetuer adipiscing elit</li>\n<li>Donec id eros eget quam aliquam gravida</li>\n<li>Vivamus convallis urna id felis</li>\n<li>Nulla porta tempus sapien</li>\n</ul>\n<h2>Ordered Lists</h2>\n<ol>\n<li>Donec non tortor in arcu mollis feugiat</li>\n<li>Lorem ipsum dolor sit amet, consectetuer adipiscing elit</li>\n<li>Donec id eros eget quam aliquam gravida</li>\n<li>Vivamus convallis urna id felis</li>\n<li>Nulla porta tempus sapien</li>\n</ol>\n<h2>Code Blocks</h2>\n<p>Blocks of code are either fenced by <code>lines with three back-ticks</code>, or are indented with four spaces.</p>\n<pre><code class=\"language-css\">&#x3C;!-- Some example CSS code -->\nbody {\n  color:red;\n}\n</code></pre>\n<pre><code class=\"language-javascript\">if (condition) {\n  code to run if condition is true\n} else {\n  run some other code instead\n}\n</code></pre>\n<h2>Tables</h2>\n<table>\n  <caption>Table with thead, tfoot, and tbody</caption>\n  <thead>\n    <tr>\n      <th>Header content 1</th>\n      <th>Header content 2</th>\n    </tr>\n  </thead>\n  <tbody>\n    <tr>\n      <td>Body content 1</td>\n      <td>Body content 2</td>\n    </tr>\n  </tbody>\n  <tfoot>\n    <tr>\n      <td>Footer content 1</td>\n      <td>Footer content 2</td>\n    </tr>\n  </tfoot>\n</table>\n<h2>Callouts</h2>\n<div class=\"important\">\n  <strong>Important:</strong> \n  This is an \"Important\" callout block of text. \n  This block indicates a warning or caution.\n  Use it for an important message. \n</div>\n<div class=\"note\">\n  <strong>Note:</strong> \n  This is an \"Note\" callout block of text. \n  This block signifies a general note.\n</div>"},{"url":"/post/others/","relativePath":"post/others/index.md","relativeDir":"post/others","base":"index.md","name":"index","frontmatter":{"title":"Are other ad budgets available?","content_img_path":"https://cdn.sanity.io/images/34t7tfex/production/74f5085f8b9e728818193d59c07a94df27ad2147-421x474.jpg","date":"2020-02-24","menus":{},"subtitle":"Manage Your Campaign","template":"post","thumb_img_path":"https://cdn.sanity.io/images/34t7tfex/production/7054e4efb626fa2338114f89ee4cd73a897144f7-700x393.gif"},"html":"<p>Yes, each client will have a default budget for each listing. But if they wish to spend more there will be 2 higher budget options available.</p>"},{"url":"/posts/ads-shown/","relativePath":"posts/ads-shown/index.md","relativeDir":"posts/ads-shown","base":"index.md","name":"index","frontmatter":{"title":"Where will my Google Ads be shown?","content_img_path":"https://cdn.sanity.io/images/34t7tfex/production/27f2039530d96bcc0238c22e33aaad1870ee89c8-564x564.jpg","date":"2020-02-18","subtitle":"Support & Knowledge centre","template":"post","thumb_img_path":"https://cdn.sanity.io/images/34t7tfex/production/27f2039530d96bcc0238c22e33aaad1870ee89c8-564x564.jpg"},"html":"<p>Where will my Google Ads be shown?</p>\n<p>Google Ads are currently not on offer from Marketing Direct.</p>"},{"url":"/posts/auto/","relativePath":"posts/auto/index.md","relativeDir":"posts/auto","base":"index.md","name":"index","frontmatter":{"title":"Does Marketing Direct adjust ads based on performance?","content_img_path":"https://cdn.sanity.io/images/34t7tfex/production/16ff79f9538ec1931e74fef9deff23ee36cacd5e-563x421.jpg","date":"2020-02-19","subtitle":"Products & Services","template":"post","thumb_img_path":"https://cdn.sanity.io/images/34t7tfex/production/16ff79f9538ec1931e74fef9deff23ee36cacd5e-563x421.jpg"},"html":"<p>Marketing Directs state of the art proprietary AI monitors every Marketing Direct ad 24-7 and optimizes each campaign individually to optimize the budget spend based on channel and demographic performance. </p>"},{"url":"/posts/boostsdiff/","relativePath":"posts/boostsdiff/index.md","relativeDir":"posts/boostsdiff","base":"index.md","name":"index","frontmatter":{"title":"Difference between boosting a Facebook post and a Facebook ad campaign?","content_img_path":"https://cdn.sanity.io/images/34t7tfex/production/511210c9bb846d987cd1548faa120152fdadd4ee-1000x560.jpg","date":"2020-02-21","subtitle":"Support & Knowledge centre","template":"post","thumb_img_path":"https://cdn.sanity.io/images/34t7tfex/production/acc098a51651323f3d27734fcfa154336ec0dfd1-800x600.gif"},"html":"<p>\"A Facebook post will appear on the timeline of the the account that posts it the same way a status update from a personal Facebook account appears on a users timeline. By boosting the Facebook post you pay money to increase the reach of this post and it will be seen by a larger amount of people. Boosted posts are often used to build brand awareness and reach a wide audience. </p>\n<p>Facebook Ads on the other hand is more often used to sell or promote specific products or services.\"</p>\n<p><img src=\"https://cdn.sanity.io/images/34t7tfex/production/d04a4ef2985dad504628815884a0d61bec0c2bba-727x278.gif\"></p>"},{"url":"/posts/broken/","relativePath":"posts/broken/index.md","relativeDir":"posts/broken","base":"index.md","name":"index","frontmatter":{"title":"Campaign results page does not work?","content_img_path":"https://cdn.sanity.io/images/34t7tfex/production/1f4e7d61ce1ba4123b8dc7e11a19166a846d436b-564x752.jpg","date":"2020-02-18","subtitle":"Support & Knowledge centre","template":"post","thumb_img_path":"https://cdn.sanity.io/images/34t7tfex/production/1f4e7d61ce1ba4123b8dc7e11a19166a846d436b-564x752.jpg"},"html":"<p>Campaign results page does not work?</p>\n<p>Please email support </p>"},{"url":"/posts/cancel/","relativePath":"posts/cancel/index.md","relativeDir":"posts/cancel","base":"index.md","name":"index","frontmatter":{"title":"How do I cancel a campaign? ","content_img_path":"https://cdn.sanity.io/images/34t7tfex/production/c962f190e1987aad2f0e5694a190f90eccaf3902-800x600.gif","date":"2020-02-19","subtitle":"Manage Your Campaign","template":"post","thumb_img_path":"https://cdn.sanity.io/images/34t7tfex/production/c962f190e1987aad2f0e5694a190f90eccaf3902-800x600.gif"},"html":"<p>Diakrit does so through its admins interface, and is a real estate item removed from the broker's website, then the ad is automatically deactivated after the system notices that the landing page has been removed (tries 3-4 times first), but the customer does not receive any unused advertising budget back.</p>"},{"url":"/posts/changes/","relativePath":"posts/changes/index.md","relativeDir":"posts/changes","base":"index.md","name":"index","frontmatter":{"title":"How many times can I change the companies template?","content_img_path":"https://cdn.sanity.io/images/34t7tfex/production/e26a73b35cf39c1172616104ba591118863c6f55-800x600.gif","date":"2020-02-21","subtitle":"Support & Knowledge centre","template":"post","thumb_img_path":"https://cdn.sanity.io/images/34t7tfex/production/b3247b940a28b7b222ef418cc2f6ad236063bd1a-800x600.gif"},"html":"<p>The Diakrit Sales team will work with the customer to setup and approve a template in a similar trusted advisor approach as the company does for Content. Diakrit have developed a best practice ad template that we strongly recommend all customers to use. Deviations from this tempalte are possible but any additional items that are added needs to consistently appear on the customers listing pages on every listing.</p>"},{"url":"/posts/collate/","relativePath":"posts/collate/index.md","relativeDir":"posts/collate","base":"index.md","name":"index","frontmatter":{"title":"Do you provide collateral to pass on to vendors?","content_img_path":"https://cdn.sanity.io/images/34t7tfex/production/9c8a26cb96acdff9db18586ed7778ab45fe8bbef-564x376.jpg","date":"2020-02-19","subtitle":"Products & Services","template":"post","thumb_img_path":"https://cdn.sanity.io/images/34t7tfex/production/9c8a26cb96acdff9db18586ed7778ab45fe8bbef-564x376.jpg"},"html":"<p>Marketing Direct provides the agent with a live dashboard to follow the campaign in real time. This web based dashbord is sent as a link which the agent can share with the vendor if he or she likes. After the campaign is concluded a post-campagin report will be sent to </p>"},{"url":"/posts/connections/","relativePath":"posts/connections/index.md","relativeDir":"posts/connections","base":"index.md","name":"index","frontmatter":{"title":"Is Marketing Direct integrated with CRMS ","content_img_path":"https://cdn.sanity.io/images/34t7tfex/production/bd200cc1da363fdfa8ed79e1e0adfe0f5eb912b7-400x300.gif","date":"2020-02-18","subtitle":"Products & Services","template":"post","thumb_img_path":"https://cdn.sanity.io/images/34t7tfex/production/bd200cc1da363fdfa8ed79e1e0adfe0f5eb912b7-400x300.gif"},"html":"<p>Is Marketing Direct integrated with CRMS</p>\n<p>Marketing Direct currently does not integrated with any 3rd party systems. We believe in a fast and hassle free setup process for the customer with minimal disturbance to their daily operations. Therefore we use web based tech to do the heavy lifting so the customer does not have to.</p>"},{"url":"/posts/costs/","relativePath":"posts/costs/index.md","relativeDir":"posts/costs","base":"index.md","name":"index","frontmatter":{"title":"How much does it cost?","content_img_path":"https://cdn.sanity.io/images/34t7tfex/production/8b2d527cf4bc236ff96b3b561b5b6b0b71ba9a6c-800x600.gif","date":"2020-02-19","subtitle":"Account Management","template":"post","thumb_img_path":"https://cdn.sanity.io/images/34t7tfex/production/8b2d527cf4bc236ff96b3b561b5b6b0b71ba9a6c-800x600.gif"},"html":"<p>How much does it cost?\nPlease contact your local Diakrit sales representative [Per state contact details]</p>"},{"url":"/posts/departments/","relativePath":"posts/departments/index.md","relativeDir":"posts/departments","base":"index.md","name":"index","frontmatter":{"title":"Can I send my listings to Marketing Direct if I don't use DIAKRIT Content services?","content_img_path":"https://cdn.sanity.io/images/34t7tfex/production/26fd18204f2a7857be2784fe41f75bc8b80f5df7-564x423.jpg","date":"2020-02-18","subtitle":"Products & Services","template":"post","thumb_img_path":"https://cdn.sanity.io/images/34t7tfex/production/26fd18204f2a7857be2784fe41f75bc8b80f5df7-564x423.jpg"},"html":"<p>Can I send my listings to Marketing Direct if I don't use DIAKRIT Content services?</p>\n<p>Of course, Marketing Direct is an independent service available for all real estate professionals. However, in order to maxemize the benefits of Marketing Direct we recommend that you consider Diakrit as your content provider to pair the services. </p>"},{"url":"/posts/doubles/","relativePath":"posts/doubles/index.md","relativeDir":"posts/doubles","base":"index.md","name":"index","frontmatter":{"title":"Can I advertise a listing more than once?","content_img_path":"https://cdn.sanity.io/images/34t7tfex/production/59c0bf19a6b3ea4523819372fc653cb2c0e594c2-800x600.gif","date":"2020-02-19","subtitle":"Manage Your Campaign","template":"post","thumb_img_path":"https://cdn.sanity.io/images/34t7tfex/production/59c0bf19a6b3ea4523819372fc653cb2c0e594c2-800x600.gif"},"html":"<p>Can I advertise a listing more than once?</p>\n<p>\"If a client feels like a second social media campaign is required for any given listing the can contact cx.digital@diakrit.com </p>\n<p>Behind the scenes a bit complex but we can extend an active campaign once it concludes. \"</p>"},{"url":"/posts/email-issue/","relativePath":"posts/email-issue/index.md","relativeDir":"posts/email-issue","base":"index.md","name":"index","frontmatter":{"title":"The link in the publication email does not work","content_img_path":"https://cdn.sanity.io/images/34t7tfex/production/dec166b8687d64e53bc7b0454990afc2ded135f6-500x500.jpg","date":"2020-02-18","subtitle":"Support & Knowledge centre","template":"post","thumb_img_path":"https://cdn.sanity.io/images/34t7tfex/production/dec166b8687d64e53bc7b0454990afc2ded135f6-500x500.jpg"},"html":"<p>The link in the publication email does not work.</p>\n<p>If a link in a client meeting does not work</p>"},{"url":"/posts/exit/","relativePath":"posts/exit/index.md","relativeDir":"posts/exit","base":"index.md","name":"index","frontmatter":{"title":"How do I notify you when a staff member leaves?","content_img_path":"https://cdn.sanity.io/images/34t7tfex/production/d5b4ededacce7b8010b15eadd1d80dac72ba9beb-800x600.gif","date":"2020-02-19","subtitle":"Account Management","template":"post","thumb_img_path":"https://cdn.sanity.io/images/34t7tfex/production/d5b4ededacce7b8010b15eadd1d80dac72ba9beb-800x600.gif"},"html":"<p>How do I notify you when a staff member leaves?</p>\n<p>CRM Removal There is no need to notify Diakrit of staff changes. When a new agent joins the client he or she will be automatically identified in the Diakrit platform as soon as the first listing with the new agent goes live on the customers website.' </p>"},{"url":"/posts/experts/","relativePath":"posts/experts/index.md","relativeDir":"posts/experts","base":"index.md","name":"index","frontmatter":{"title":"Can our own facebook expert make campaign adjustments?","content_img_path":"https://cdn.sanity.io/images/34t7tfex/production/dbc61770440ace651f8685d2e387258d6ae65d9f-1540x790.png","date":"2020-02-19","subtitle":"Manage Your Campaign","template":"post","thumb_img_path":"https://cdn.sanity.io/images/34t7tfex/production/4f4e3b06651ea397e274cf236e65e12b2be9cdbc-1400x788.gif"},"html":"<p>Can our own facebook expert make campaign adjustments?\nNo</p>"},{"url":"/posts/format/","relativePath":"posts/format/index.md","relativeDir":"posts/format","base":"index.md","name":"index","frontmatter":{"title":"How many different ad formats does Marketing Direct create?","content_img_path":"https://cdn.sanity.io/images/34t7tfex/production/799e0b05bba86acd768ef536750fd9b0274a8541-1200x630.gif","date":"2020-02-24","menus":{},"template":"post","thumb_img_path":"https://cdn.sanity.io/images/34t7tfex/production/d029d24da7e34d479d18f739eb43e42e7779f599-800x600.gif"},"html":"<p>Single or carousel ads on Facebook, Messenger, Audience Network, Market Place and Instagram.</p>"},{"url":"/posts/login/","relativePath":"posts/login/index.md","relativeDir":"posts/login","base":"index.md","name":"index","frontmatter":{"title":"What type of ads does Marketing Direct generate?","content_img_path":"https://cdn.sanity.io/images/34t7tfex/production/362fab0f2cebb778965ca38ca216fbf687c12643-2700x1800.jpg","date":"2020-02-13","subtitle":"Creative, Copy & AD Creation ","template":"post","thumb_img_path":"https://cdn.sanity.io/images/34t7tfex/production/362fab0f2cebb778965ca38ca216fbf687c12643-2700x1800.jpg"},"html":"<p>square, rectangle </p>"},{"url":"/posts/fb/","relativePath":"posts/fb/index.md","relativeDir":"posts/fb","base":"index.md","name":"index","frontmatter":{"title":"Do I still have access to my Facebook Business Manager Account?","content_img_path":"https://cdn.sanity.io/images/34t7tfex/production/0bb8fd717bd97bcb51ce5af161d721f3b25637f9-800x600.gif","date":"2020-02-19","subtitle":"Account Management","template":"post","thumb_img_path":"https://cdn.sanity.io/images/34t7tfex/production/0bb8fd717bd97bcb51ce5af161d721f3b25637f9-800x600.gif"},"html":"<p>Do I still have access to my Facebook Business Manager Account?</p>"},{"url":"/posts/future/","relativePath":"posts/future/index.md","relativeDir":"posts/future","base":"index.md","name":"index","frontmatter":{"title":"Future Ad Formats ","content_img_path":"https://cdn.sanity.io/images/34t7tfex/production/ae9757a3762a78cabd6989636bbf0d48181c7b4f-512x341.jpg","date":"2020-02-14","subtitle":"Creative ","template":"post","thumb_img_path":"https://cdn.sanity.io/images/34t7tfex/production/c962f190e1987aad2f0e5694a190f90eccaf3902-800x600.gif"},"html":"<p>What formats are being added to the platform? </p>\n<ul>\n<li>Collage</li>\n<li>Video</li>\n<li>Messenger</li>\n<li>Stories</li>\n</ul>\n<p>\"Currently supporting:</p>\n<ul>\n<li>Carousels (Facebook &#x26; Instagram)</li>\n<li>Messenger (Facebook)</li>\n<li>Stories (Facebook &#x26; Instagram)\n\"</li>\n</ul>"},{"url":"/posts/notification/","relativePath":"posts/notification/index.md","relativeDir":"posts/notification","base":"index.md","name":"index","frontmatter":{"title":"How to get notification when someone comments on the ads?","content_img_path":"https://cdn.sanity.io/images/34t7tfex/production/14f54d1999da54459fa017c0e00dd11aaeb013e2-480x480.gif","date":"2020-02-19","subtitle":"Manage Your Campaign","template":"post","thumb_img_path":"https://cdn.sanity.io/images/34t7tfex/production/14f54d1999da54459fa017c0e00dd11aaeb013e2-480x480.gif"},"html":"<p>This will be a setting in the customers Facebook Business Manager account. Using Marketing Direct will not affect this feature. The customer can continue to work with comments according to any policy of their choosing. (Diakrit may offer comment moderation/answers in the future) </p>"},{"url":"/posts/refund/","relativePath":"posts/refund/index.md","relativeDir":"posts/refund","base":"index.md","name":"index","frontmatter":{"title":"If I cancel a campaign, do I get a refund? ","content_img_path":"https://cdn.sanity.io/images/34t7tfex/production/dec166b8687d64e53bc7b0454990afc2ded135f6-500x500.jpg","date":"2020-02-19","subtitle":"Manage Your Campaign","template":"post","thumb_img_path":"https://cdn.sanity.io/images/34t7tfex/production/fe392e36a608ab62622fe0ba9531a4d500786210-600x600.gif"},"html":"<p>If a campaign has been published on facebook already Diakrt cannot offer any discounts. </p>"},{"url":"/posts/review/","relativePath":"posts/review/index.md","relativeDir":"posts/review","base":"index.md","name":"index","frontmatter":{"title":"How do I change a live AD?","content_img_path":"https://cdn.sanity.io/images/34t7tfex/production/5c0c284bc3ace92c2a90746cc5a6f280ea9b6ab7-564x423.jpg","date":"2020-02-19","subtitle":"Manage Your Campaign","template":"post","thumb_img_path":"https://cdn.sanity.io/images/34t7tfex/production/9f2580183ab5ffc3c7029de8a838fb97ed842fd1-564x564.jpg"},"html":"<p>Can our own facebook expert audit or view the ad reports?</p>\n<p>We will work with any nominated person from the customer to setup the graphic template as well as copy guidelines. Sticking to the agreed audiences Diakrit´s social media coordinator will ensure that all listings with consistent branding and tone. We encourage the Facebook expert to have an active dialogue with our Social Media team and provide feedback. </p>"},{"url":"/posts/run/","relativePath":"posts/run/index.md","relativeDir":"posts/run","base":"index.md","name":"index","frontmatter":{"title":"How long should a campaign run for? ","content_img_path":"https://cdn.sanity.io/images/34t7tfex/production/583234138fb1b5b5d45b26fa9fbfa870c0970f32-800x600.gif","date":"2020-02-19","subtitle":"Manage Your Campaign","template":"post","thumb_img_path":"https://cdn.sanity.io/images/34t7tfex/production/583234138fb1b5b5d45b26fa9fbfa870c0970f32-800x600.gif"},"html":"<p>Based on Facebook's algorithms and best practice a campaign should run between 10-14 days.</p>"},{"url":"/posts/share/","relativePath":"posts/share/index.md","relativeDir":"posts/share","base":"index.md","name":"index","frontmatter":{"title":"Will Marketing DIrect share success data with other clients?","content_img_path":"https://cdn.sanity.io/images/34t7tfex/production/1f4e7d61ce1ba4123b8dc7e11a19166a846d436b-564x752.jpg","date":"2020-02-19","subtitle":"Products & Services","template":"post","thumb_img_path":"https://cdn.sanity.io/images/34t7tfex/production/1f4e7d61ce1ba4123b8dc7e11a19166a846d436b-564x752.jpg"},"html":"<p>Will Marketing DIrect share success data with other clients?</p>\n<p>Marketing Direct may use campaign performance results in sales presentations, collateral and other sales-related activities to grow the service. Any data shown to external parties will be anonymised</p>"},{"url":"/posts/share-report/","relativePath":"posts/share-report/index.md","relativeDir":"posts/share-report","base":"index.md","name":"index","frontmatter":{"title":"How do I share a campaign report with my Vendor?","content_img_path":"https://cdn.sanity.io/images/34t7tfex/production/dbc61770440ace651f8685d2e387258d6ae65d9f-1540x790.png","date":"2020-02-19","subtitle":"Manage Your Campaign","template":"post","thumb_img_path":"https://cdn.sanity.io/images/34t7tfex/production/dbc61770440ace651f8685d2e387258d6ae65d9f-1540x790.png"},"html":"<p>How do I share a campaign report with my Vendor?</p>\n<p>Once your ad has been reviwed by Facebook and is pushed live the customer will receive a Go-live confirmation email which also contains the link to their live campaign dashboard. This link can also be sent to the vendor who can easily access the real-time updated dashboard and follow the campaign performance. </p>"},{"url":"/posts/sooner/","relativePath":"posts/sooner/index.md","relativeDir":"posts/sooner","base":"index.md","name":"index","frontmatter":{"title":"Why do some ads publish sooner than others?","content_img_path":"https://cdn.sanity.io/images/34t7tfex/production/d5b4ededacce7b8010b15eadd1d80dac72ba9beb-800x600.gif","date":"2020-02-19","subtitle":"Manage Your Campaign","template":"post","thumb_img_path":"https://cdn.sanity.io/images/34t7tfex/production/d5b4ededacce7b8010b15eadd1d80dac72ba9beb-800x600.gif"},"html":"<p>Why do some ads publish sooner than others?</p>\n<p>Once an ad is submitted to facebook for review it can take up to 24 hrs before it is approved to go live. This is a process within facebook which no advertiser can avoid. The review and publication usually takes less than 24 hrs.</p>"},{"url":"/posts/suspension/","relativePath":"posts/suspension/index.md","relativeDir":"posts/suspension","base":"index.md","name":"index","frontmatter":{"title":"Facebook has banned my account temporarily for 3 months will my ads run?","content_img_path":"https://cdn.sanity.io/images/34t7tfex/production/934662dc0bf96337009c0746bf976407625bf76a-800x600.gif","date":"2020-02-21","subtitle":"Support & Knowledge centre","template":"post","thumb_img_path":"https://cdn.sanity.io/images/34t7tfex/production/a5a991ebc52bbba7caeb1f87b92da196ef082350-480x360.gif"},"html":"<p>Please contact your facebook account manager or go through the formal process at facebook support. </p>"},{"url":"/posts/txt/","relativePath":"posts/txt/index.md","relativeDir":"posts/txt","base":"index.md","name":"index","frontmatter":{"title":"Why are the text and images of the ad previews on the Campaign Order page different from my listing’s?","content_img_path":"https://cdn.sanity.io/images/34t7tfex/production/0bb8fd717bd97bcb51ce5af161d721f3b25637f9-800x600.gif","date":"2020-02-19","subtitle":"Creative, Copy & AD Creation","template":"post","thumb_img_path":"https://cdn.sanity.io/images/34t7tfex/production/0bb8fd717bd97bcb51ce5af161d721f3b25637f9-800x600.gif"},"html":"<p>Marketing Direct takes on the task of staying up to date with Facebook's algorithms which prioritizes ads on the network. To ensure your ad not only gets the greatest reach, but also reaches the right people our expert Social Media Coordinators will modify copy and image selection to adapt it to Social Media advertising. Copy and image selection is a key part in a successful campaign and  Marketing Direct stays up to date with the technical requirements as well as trends and styles so you don't have to. </p>"}],"site":{"siteMetadata":{"palette":"blue","palettes":{"blue":{"sass":{"accent1":"#00c6ff","accent2":"#0072ff"}},"green":{"sass":{"accent1":"#12db5d","accent2":"#11998e"}},"navy":{"sass":{"accent1":"#004e92","accent2":"#000428"}},"violet":{"sass":{"accent1":"#8e2de2","accent2":"#4a00e0"}}},"title":"Marketing Direct - Internal FAQ"},"pathPrefix":"","data":{"author":{"avatar":"https://cdn.sanity.io/images/34t7tfex/production/6f7f606e0efa5ea10927845764de546b55e4c02c-563x397.jpg","email":"albin.gustavssson@diakrit.com","name":"Albin Gustavsson"},"footer":{"content":"&copy; DIAKRIT DIGITAL. All rights reserved.","has_social":true,"links":[{"new_window":true,"text":"JAMSTAK build","url":"https://www.stackbit.com"},{"text":"diakrit"},{"text":"Contact","url":"Contact"}]},"header":{"has_nav":true,"logo_img":"https://cdn.sanity.io/images/34t7tfex/production/022f861100a3f1f4badff06869af245fd33ebe0a-800x600.gif","title":"Marketing.Direct"},"menus":{"main":[{"identifier":"Home","title":"Accounts","url":"/showcase"}]},"social":{"links":[{"icon":"fa-twitter","title":"Twitter","type":"twitter","url":"https://twitter.com/"},{"icon":"fa-instagram","title":"Instagram","type":"instagram","url":"https://www.instagram.com/"},{"icon":"fa-coffee","title":"Contact","type":"github","url":"Contact"}]}}},"menus":{"main":[{"page___NODE":"329f6eb8-ca30-5c02-8921-19623541f94e","id":"menu-main-index","identifier":"main-index","title":"Home","weight":1,"url":"/","items":[]},{"page___NODE":"fa117f50-bfef-5bac-b5fe-1188e35b8e3f","id":"menu-main-about","identifier":"main-about","title":"About","weight":2,"url":"/about/","items":[]},{"page___NODE":"556f1150-2cf7-59d6-820a-9dcf297acd36","id":"menu-main-creatives","identifier":"main-creatives","title":"Creative","weight":3,"url":"/creatives/","items":[]},{"page___NODE":"1a3b5c54-fd1f-5ca6-a426-e336832c893d","id":"menu-main-knowledge","identifier":"main-knowledge","title":"Knowledge ","weight":4,"url":"/knowledge/","items":[]},{"page___NODE":"72e1b8fe-74ac-5e14-ac50-1dd42ec75934","id":"menu-main-management","identifier":"main-management","title":"Campaign Manage","weight":4,"url":"/management/","items":[]},{"page___NODE":"32c90639-cc04-57da-891e-9f6def809d05","id":"menu-main-blog","identifier":"main-blog","title":"Blog","weight":6,"url":"/blog/","items":[]},{"id":"menu-Home","identifier":"Home","title":"Accounts","url":"/showcase","items":[]},{"page___NODE":"6a1592c9-45bc-5f0c-ad40-e8815734f2b6","id":"menu-main-contact","identifier":"main-contact","title":"Contact","url":"/contact/","items":[]}],"layouts":[{"page___NODE":"6e788a23-147c-5930-aaa3-d0df85ded2d7","id":"menu-layouts-overview","identifier":"layouts-overview","title":"Overview","weight":1,"url":"/overview/","items":[]},{"page___NODE":"737d8b2c-c369-526c-84ec-fb1bc41b79b8","id":"menu-layouts-showcase","identifier":"layouts-showcase","title":"Accounts ","weight":2,"url":"/showcase/","items":[]},{"page___NODE":"fa117f50-bfef-5bac-b5fe-1188e35b8e3f","id":"menu-layouts-about","identifier":"layouts-about","title":"About ","url":"/about/","items":[]},{"page___NODE":"6a1592c9-45bc-5f0c-ad40-e8815734f2b6","id":"menu-layouts-contact","identifier":"layouts-contact","title":"Contact","url":"/contact/","items":[]},{"page___NODE":"ef4b1f8b-db55-5dce-a57a-ed99d7e7c568","id":"menu-layouts-posts-campaigncustom","identifier":"layouts-posts-campaigncustom","title":"Custom Campaigns ","url":"/posts/campaigncustom/","items":[]}]}}}